"no-underline href","mb-2 src","p-0","p-0 3","m-0","m-0 2"
"https://www.visaovip.com/es/prod/monitores/monitor-msi-pro-mp243l-e14-23-8-full-hd-ips-144hz-negro/53933/","https://cdn.visaovip.com/img/prod/monitor-msi-pro-mp243l-e14-238-full-hd-ips-144hz-negro/53933/717269.jpg","Monitor MSI Pro MP243L E14 23.8"" Full HD IPS 144Hz - Negro","MSI","U$ 95,00","53933"
"https://www.visaovip.com/es/prod/monitores/monitor-gamer-msi-mag-346cq-34-uwqhd-curvo-va-180hz-1ms-negro/51871/","https://cdn.visaovip.com/img/prod/monitor-gamer-msi-mag-346cq-34-uwqhd-curvo-va-180hz-1ms-negro/51871/708031.jpg","Monitor Gamer MSI Mag 346CQ 34"" UWQHD Curvo VA 180Hz / 1Ms - Negro","MSI","U$ 342,00","51871"
"https://www.visaovip.com/es/prod/monitores/monitor-gamer-hye-hy27view240-27-full-hd-led-240hz-1ms-negro/47584/","https://cdn.visaovip.com/img/prod/monitor-gamer-hye-hy27view240-27-full-hd-led-240hz-1ms-negro/47584/672333.jpg","Monitor Gamer HYE HY27VIEW240 27"" Full HD LED 240Hz / 1Ms - Negro","HYE","U$ 127,00","47584"
"https://www.visaovip.com/es/prod/monitores/monitor-hye-hye22gfm-22-full-hd-75hz-3ms-negro/43661/","https://cdn.visaovip.com/img/prod/monitor-hye-hye22gfm-22-full-hd-75hz-3ms-negro/43661/615661.jpg","Monitor HYE HYE22GFM 22"" Full HD 75Hz / 3Ms - Negro","HYE","U$ 59,00","43661"
"https://www.visaovip.com/es/prod/monitores/monitor-gamer-hye-hy27view165-27-full-hd-curvo-165hz-negro/43605/","https://cdn.visaovip.com/img/prod/monitor-gamer-hye-hy27view165-27-full-hd-curvo-165hz-negro/43605/615041.jpg","Monitor Gamer HYE HY27VIEW165 27"" Full HD Curvo 165Hz - Negro","HYE","U$ 114,00","43605"
"https://www.visaovip.com/es/prod/monitores/pantalla-inteligente-amazon-echo-show-21-21-5-full-hd-alexa-bluetooth-wi-fi-negro-blanco/56528/","https://cdn.visaovip.com/img/prod/pantalla-inteligente-amazon-echo-show-21-215-full-hd-alexa-bluetooth-wi-fi-negro-blanco/56528/728121.jpg","Pantalla Inteligente Amazon Echo Show 21 / 21.5"" Full HD / Alexa / Bluetooth / Wi-Fi - Negro / Blanco","AMAZON","U$ 429,00","56528"
"https://www.visaovip.com/es/prod/monitores/monitor-gamer-asus-tuf-gaming-vg249qe5a-23-8-full-hd-ips-146hz-1ms-negro/56949/","https://www.visaovip.com/sem-imagem.png","Monitor Gamer ASUS TUF Gaming VG249QE5A  23.8"" Full HD IPS 146Hz / 1Ms - Negro","ASUS","U$ 120,00","56949"
"https://www.visaovip.com/es/prod/monitores/monitor-gamer-asus-va249hg-23-8-full-hd-ips-120hz-1ms-negro/56948/","https://www.visaovip.com/sem-imagem.png","Monitor Gamer ASUS VA249HG 23.8"" Full HD IPS 120Hz / 1Ms - Negro","ASUS","U$ 105,00","56948"
"https://www.visaovip.com/es/prod/monitores/monitor-gamer-gigabyte-gs27fc-27-full-hd-lcd-curvo-va-180hz-1ms-negro/56722/","https://www.visaovip.com/sem-imagem.png","Monitor Gamer Gigabyte GS27FC 27"" Full HD LCD Curvo VA 180Hz / 1Ms - Negro","GIGABYTE","U$ 159,00","56722"
"https://www.visaovip.com/es/prod/monitores/monitor-gamer-gigabyte-gs25f14-24-5-full-hd-ips-144hz-1ms-negro/56720/","https://cdn.visaovip.com/img/prod/monitor-gamer-gigabyte-gs25f14-245-full-hd-ips-144hz-1ms-negro/56720/728450.jpg","Monitor Gamer Gigabyte GS25F14 24.5""  Full HD IPS 144Hz / 1Ms - Negro","GIGABYTE","U$ 97,00","56720"
"https://www.visaovip.com/es/prod/monitores/monitor-jvc-lt-mk24220-24-full-hd-ips-144hz-negro/56694/","https://www.visaovip.com/sem-imagem.png","Monitor JVC LT-MK24220 24"" Full HD IPS 144Hz - Negro","JVC","U$ 88,00","56694"
"https://www.visaovip.com/es/prod/monitores/monitor-teros-te-2417s-23-8-full-hd-ips-144hz-1ms-negro/55832/","https://cdn.visaovip.com/img/prod/monitor-teros-te-2417s-238-full-hd-ips-144hz-1ms-negro/55832/725605.jpg","Monitor Teros TE-2417S 23.8"" Full HD IPS 144Hz / 1Ms - Negro","TEROS","U$ 95,00","55832"
"https://www.visaovip.com/es/prod/monitores/monitor-teros-te-2714s-27-full-hd-ips-144hz-1ms-negro/55831/","https://cdn.visaovip.com/img/prod/monitor-teros-te-2714s-27-full-hd-ips-144hz-1ms-negro/55831/725602.jpg","Monitor Teros TE-2714S 27"" Full HD IPS 144Hz / 1Ms - Negro","TEROS","U$ 135,00","55831"
"https://www.visaovip.com/es/prod/monitores/monitor-gamer-msi-mag-244f-3bca-23-8-full-hd-rapid-ips-200hz-0-5ms-negro-mouse/55646/","https://cdn.visaovip.com/img/prod/monitor-gamer-msi-mag-244f-3bca-238-full-hd-rapid-ips-200hz-05ms-negro-mouse/55646/724693.jpg","Monitor Gamer MSI Mag 244F 3BCA 23.8"" Full HD Rapid IPS 200Hz / 0.5Ms - Negro + Mouse","MSI","U$ 135,00","55646"
"https://www.visaovip.com/es/prod/monitores/monitor-msi-pro-mp341cqw-34-uwqhd-curvo-100hz-1ms-blanco/55461/","https://cdn.visaovip.com/img/prod/monitor-msi-pro-mp341cqw-34-uwqhd-curvo-100hz-1ms-blanco/55461/723916.jpg","Monitor MSI Pro MP341CQW 34"" UWQHD Curvo 100Hz / 1Ms - Blanco","MSI","U$ 255,00","55461"
"https://www.visaovip.com/es/prod/monitores/pantalla-inteligente-amazon-echo-show-15-2-generacion-15-6-full-hd-alexa-bluetooth-wi-fi-negro-blanco/55452/","https://cdn.visaovip.com/img/prod/pantalla-inteligente-amazon-echo-show-15-2-generacion-156-full-hd-alexa-bluetooth-wi-fi-negro-blanco/55452/723922.jpg","Pantalla Inteligente Amazon Echo Show 15 2ª Generación 15.6"" Full HD / Alexa / Bluetooth / Wi-Fi - Negro / Blanco","AMAZON","U$ 335,00","55452"
"https://www.visaovip.com/es/prod/monitores/monitor-samsung-ls24f320ga-24-full-hd-ips-120hz-5ms-negro/55183/","https://cdn.visaovip.com/img/prod/monitor-samsung-ls24f320ga-24-full-hd-ips-120hz-5ms-negro/55183/722625.jpg","Monitor Samsung LS24F320GA 24"" Full HD IPS 120Hz / 5Ms - Negro","SAMSUNG","U$ 102,00","55183"
"https://www.visaovip.com/es/prod/monitores/monitor-gamer-xiaomi-mi-g27i-p27fda-rggl-27-full-hd-lcd-200hz-1ms-negro/44280/","https://cdn.visaovip.com/img/prod/monitor-gamer-xiaomi-mi-g27i-p27fda-rggl-27-full-hd-lcd-200hz-1ms-negro/44280/623969.jpg","Monitor Gamer Xiaomi Mi G27i P27FDA-RGGL 27"" Full HD LCD 200Hz / 1Ms - Negro","XIAOMI","U$ 108,00","44280"
"https://www.visaovip.com/es/prod/monitores/monitor-gamer-samsung-essential-s3-ls24d366ga-23-5-full-hd-curvo-ips-100hz-4ms-negro/54521/","https://cdn.visaovip.com/img/prod/monitor-gamer-samsung-essential-s3-ls24d366ga-235-full-hd-curvo-ips-100hz-4ms-negro/54521/719819.jpg","Monitor Gamer Samsung Essential S3 LS24D366GA 23.5"" Full HD Curvo IPS 100Hz / 4Ms - Negro","SAMSUNG","U$ 96,00","54521"
"https://www.visaovip.com/es/prod/monitores/monitor-msi-pro-mp225v-21-45-full-hd-va-100hz-1ms-negro/54211/","https://cdn.visaovip.com/img/prod/monitor-msi-pro-mp225v-2145-full-hd-va-100hz-1ms-negro/54211/718437.jpg","Monitor MSI Pro MP225V 21.45"" Full HD VA 100Hz / 1Ms - Negro","MSI","U$ 65,00","54211"
"https://www.visaovip.com/es/prod/monitores/monitor-hye-hye16nlm-15-4-hd-5ms-negro/53395/","https://cdn.visaovip.com/img/prod/monitor-hye-hye16nlm-154-hd-5ms-negro/53395/715179.jpg","Monitor HYE HYE16NLM 15.4"" HD / 5Ms - Negro","HYE","U$ 43,00","53395"
"https://www.visaovip.com/es/prod/monitores/monitor-teros-corvet-te-3251s-31-5-2k-quad-hd-curvo-va-75hz-1ms-negro/53605/","https://cdn.visaovip.com/img/prod/monitor-teros-corvet-te-3251s-315-2k-quad-hd-curvo-va-75hz-1ms-negro/53605/715909.jpg","Monitor Teros Corvet TE-3251S 31.5"" 2K Quad HD Curvo VA 75Hz / 1Ms - Negro","TEROS","U$ 178,90","53605"
"https://www.visaovip.com/es/prod/monitores/monitor-teros-te-3252s-31-5-ultra-hd-va-60hz-1ms-negro/53604/","https://cdn.visaovip.com/img/prod/monitor-teros-te-3252s-315-ultra-hd-va-60hz-1ms-negro/53604/715895.jpg","Monitor Teros TE-3252S 31.5"" Ultra HD VA 60Hz / 1Ms - Negro","TEROS","U$ 218,00","53604"
"https://www.visaovip.com/es/prod/monitores/monitor-teros-te-2713s-27-full-hd-ips-120hz-1ms-negro/53601/","https://cdn.visaovip.com/img/prod/monitor-teros-te-2713s-27-full-hd-ips-120hz-1ms-negro/53601/715686.jpg","Monitor Teros TE-2713S 27"" Full HD IPS 120Hz / 1Ms - Negro","TEROS","U$ 125,00","53601"
"https://www.visaovip.com/es/prod/monitores/monitor-samsung-viewfinity-s7-ls37d700ean-37-ultra-hd-va-60-hz-5ms-negro/53243/","https://cdn.visaovip.com/img/prod/monitor-samsung-viewfinity-s7-ls37d700ean-37-ultra-hd-va-60-hz-5ms-negro/53243/714372.jpg","Monitor Samsung ViewFinity S7 LS37D700EAN 37"" Ultra HD VA 60 Hz / 5Ms - Negro","SAMSUNG","U$ 369,00","53243"
"https://www.visaovip.com/es/prod/monitores/monitor-samsung-viewfinity-s8-ls32d804uan-32-ultra-hd-va-60-hz-5ms-negro/53239/","https://cdn.visaovip.com/img/prod/monitor-samsung-viewfinity-s8-ls32d804uan-32-ultra-hd-va-60-hz-5ms-negro/53239/714380.jpg","Monitor Samsung ViewFinity S8 LS32D804UAN 32"" Ultra HD VA 60 Hz / 5Ms - Negro","SAMSUNG","U$ 310,00","53239"
"https://www.visaovip.com/es/prod/monitores/monitor-hye-hy24view75-24-full-hd-curvo-va-75hz-negro/53198/","https://cdn.visaovip.com/img/prod/monitor-hye-hy24view75-24-full-hd-curvo-va-75hz-negro/53198/714072.jpg","Monitor HYE HY24VIEW75 24"" Full HD Curvo VA 75Hz - Negro","HYE","U$ 82,00","53198"
"https://www.visaovip.com/es/prod/monitores/monitor-gamer-gigabyte-gs32qca-32-qhd-curvo-lcd-180hz-1ms-negro/53057/","https://cdn.visaovip.com/img/prod/monitor-gamer-gigabyte-gs32qca-32-qhd-curvo-lcd-180hz-1ms-negro/53057/723073.jpg","Monitor Gamer Gigabyte GS32QCA 32"" QHD Curvo LCD 180Hz / 1Ms - Negro","GIGABYTE","U$ 235,00","53057"
"https://www.visaovip.com/es/prod/monitores/monitor-gamer-hye-hy32view165-32-full-hd-curvo-va-165hz-negro/53033/","https://cdn.visaovip.com/img/prod/monitor-gamer-hye-hy32view165-32-full-hd-curvo-va-165hz-negro/53033/713753.jpg","Monitor Gamer HYE HY32VIEW165 32"" Full HD Curvo VA 165Hz - Negro","HYE","U$ 159,00","53033"
"https://www.visaovip.com/es/prod/monitores/monitor-samsung-essential-s3-ls24d300ga-23-8-fhd-ips-100hz-5ms-negro/52628/","https://cdn.visaovip.com/img/prod/monitor-samsung-essential-s3-ls24d300ga-238-fhd-ips-100hz-5ms-negro/52628/711666.jpg","Monitor Samsung Essential S3 LS24D300GA 23.8"" FHD IPS 100Hz / 5Ms - Negro","SAMSUNG","U$ 85,00","52628"
"https://www.visaovip.com/es/prod/monitores/monitor-samsung-essential-s3-ls22d300ga-21-5-fhd-ips-100hz-5ms-negro/52627/","https://cdn.visaovip.com/img/prod/monitor-samsung-essential-s3-ls22d300ga-215-fhd-ips-100hz-5ms-negro/52627/711662.jpg","Monitor Samsung Essential S3 LS22D300GA 21.5"" FHD IPS 100Hz / 5Ms - Negro","SAMSUNG","U$ 75,00","52627"
"https://www.visaovip.com/es/prod/monitores/monitor-gamer-gigabyte-gs27qa-27-qhd-ips-180hz-1ms-negro/52291/","https://cdn.visaovip.com/img/prod/monitor-gamer-gigabyte-gs27qa-27-qhd-ips-180hz-1ms-negro/52291/710475.jpg","Monitor Gamer Gigabyte GS27QA 27"" QHD IPS 180Hz / 1Ms - Negro","GIGABYTE","U$ 189,00","52291"
"https://www.visaovip.com/es/prod/monitores/monitor-gamer-gigabyte-gs27qca-27-qhd-curvo-va-180hz-1ms-negro/52287/","https://cdn.visaovip.com/img/prod/monitor-gamer-gigabyte-gs27qca-27-qhd-curvo-va-180hz-1ms-negro/52287/710467.jpg","Monitor Gamer Gigabyte GS27QCA 27"" QHD Curvo VA 180Hz / 1Ms - Negro","GIGABYTE","U$ 189,00","52287"
"https://www.visaovip.com/es/prod/monitores/monitor-gamer-gigabyte-gs27fa-27-full-hd-ips-180hz-1ms-negro/52286/","https://cdn.visaovip.com/img/prod/monitor-gamer-gigabyte-gs27fa-27-full-hd-ips-180hz-1ms-negro/52286/710463.jpg","Monitor Gamer Gigabyte GS27FA 27"" Full HD IPS 180Hz / 1Ms - Negro","GIGABYTE","U$ 147,00","52286"
"https://www.visaovip.com/es/prod/monitores/monitor-gamer-gigabyte-gs25f2-25-full-hd-ips-200hz-1ms-negro/52285/","https://cdn.visaovip.com/img/prod/monitor-gamer-gigabyte-gs25f2-25-full-hd-ips-200hz-1ms-negro/52285/710459.jpg","Monitor Gamer Gigabyte GS25F2 25"" Full HD IPS 200Hz / 1Ms - Negro","GIGABYTE","U$ 119,00","52285"
"https://www.visaovip.com/es/prod/monitores/monitor-gamer-mtek-m27sfv280c-27-full-hd-curvo-va-280hz-1ms-negro/52060/","https://cdn.visaovip.com/img/prod/monitor-gamer-mtek-m27sfv280c-27-full-hd-curvo-va-280hz-1ms-negro/52060/708922.jpg","Monitor Gamer Mtek M27SFV280C 27"" Full HD Curvo VA 280Hz / 1Ms - Negro","MTEK","U$ 173,00","52060"
"https://www.visaovip.com/es/prod/monitores/monitor-gamer-msi-mag-274f-27-full-hd-ips-200hz-0-5ms-negro/51821/","https://cdn.visaovip.com/img/prod/monitor-gamer-msi-mag-274f-27-full-hd-ips-200hz-05ms-negro/51821/708059.jpg","Monitor Gamer MSI Mag 274F 27"" Full HD IPS 200Hz / 0.5Ms - Negro","MSI","U$ 165,00","51821"
"https://www.visaovip.com/es/prod/monitores/monitor-msi-pro-mp251l-e2-24-5-full-hd-ips-120hz-1ms-negro/51664/","https://cdn.visaovip.com/img/prod/monitor-msi-pro-mp251l-e2-245-full-hd-ips-120hz-1ms-negro/51664/707180.jpg","Monitor MSI Pro MP251L E2 24.5"" Full HD IPS 120Hz / 1Ms - Negro","MSI","U$ 95,00","51664"
"https://www.visaovip.com/es/prod/monitores/monitor-gamer-xiaomi-mi-g24i-p24fda-rggl-23-8-full-hd-lcd-180hz-1ms-negro/49782/","https://cdn.visaovip.com/img/prod/monitor-gamer-xiaomi-mi-g24i-p24fda-rggl-238-full-hd-lcd-180hz-1ms-negro/49782/698473.jpg","Monitor Gamer Xiaomi Mi G24I P24FDA-RGGL 23.8"" Full HD LCD 180Hz / 1Ms - Negro","XIAOMI","U$ 105,00","49782"
"https://www.visaovip.com/es/prod/monitores/monitor-msi-pro-mp341cq-34-uwqhd-va-100hz-1ms-negro/50839/","https://cdn.visaovip.com/img/prod/monitor-msi-pro-mp341cq-34-uwqhd-va-100hz-1ms-negro/50839/703276.jpg","Monitor MSI Pro MP341CQ 34"" UWQHD VA 100Hz / 1Ms - Negro","MSI","U$ 255,00","50839"
"https://www.visaovip.com/es/prod/monitores/monitor-msi-pro-mp272l-27-full-hd-ips-100hz-1ms-negro/50838/","https://cdn.visaovip.com/img/prod/monitor-msi-pro-mp272l-27-full-hd-ips-100hz-1ms-negro/50838/703296.jpg","Monitor MSI Pro MP272L 27"" Full HD IPS 100Hz / 1Ms - Negro","MSI","U$ 101,00","50838"
"https://www.visaovip.com/es/prod/monitores/monitor-msi-pro-mp242l-23-8-full-hd-ips-100hz-1ms-negro/50723/","https://cdn.visaovip.com/img/prod/monitor-msi-pro-mp242l-238-full-hd-ips-100hz-1ms-negro/50723/703855.jpg","Monitor MSI Pro MP242L 23.8"" Full HD IPS 100Hz / 1Ms - Negro","MSI","U$ 78,00","50723"
"https://www.visaovip.com/es/prod/monitores/monitor-gamer-msi-mag-32c6x-31-5-full-hd-curvo-va-250hz-1ms-negro/50483/","https://cdn.visaovip.com/img/prod/monitor-gamer-msi-mag-32c6x-315-full-hd-curvo-va-250hz-1ms-negro/50483/701924.jpg","Monitor Gamer MSI Mag 32C6X 31.5"" Full HD Curvo VA 250Hz / 1Ms - Negro","MSI","U$ 187,00","50483"
"https://www.visaovip.com/es/prod/monitores/monitor-ftx-mt17v1-capacitive-touch-screen-17-led-5ms-negro/49095/","https://cdn.visaovip.com/img/prod/monitor-ftx-mt17v1-capacitive-touch-screen-17-led-5ms-negro/49095/691417.jpg","Monitor FTX MT17V1 Capacitive Touch Screen 17"" LED / 5Ms - Negro","FTX","U$ 182,00","49095"
"https://www.visaovip.com/es/prod/monitores/monitor-ftx-mt15v1-capacitive-touch-screen-15-led-5ms-negro/49094/","https://cdn.visaovip.com/img/prod/monitor-ftx-mt15v1-capacitive-touch-screen-15-led-5ms-negro/49094/691421.jpg","Monitor FTX MT15V1 Capacitive Touch Screen 15"" LED / 5Ms - Negro","FTX","U$ 185,00","49094"
"https://www.visaovip.com/es/prod/monitores/monitor-ftx-z2401-m24vhdfml-24-full-hd-75hz-1ms-negro/49093/","https://cdn.visaovip.com/img/prod/monitor-ftx-z2401-m24vhdfml-24-full-hd-75hz-1ms-negro/49093/691393.jpg","Monitor FTX Z2401 M24VHDFML 24"" Full HD 75Hz / 1Ms - Negro","FTX","U$ 81,00","49093"
"https://www.visaovip.com/es/prod/monitores/monitor-ftx-q2401-m24vhdb-24-full-hd-75hz-5ms-negro/49092/","https://cdn.visaovip.com/img/prod/monitor-ftx-q2401-m24vhdb-24-full-hd-75hz-5ms-negro/49092/691397.jpg","Monitor FTX Q2401 M24VHDB 24"" Full HD 75Hz / 5Ms - Negro","FTX","U$ 66,00","49092"
"https://www.visaovip.com/es/prod/monitores/monitor-ftx-q2201-m22vhdbzl-22-full-hd-75hz-5ms-negro/49090/","https://cdn.visaovip.com/img/prod/monitor-ftx-q2201-m22vhdbzl-22-full-hd-75hz-5ms-negro/49090/692224.jpg","Monitor FTX Q2201 M22VHDBZL 22"" Full HD 75Hz / 5Ms - Negro","FTX","U$ 55,00","49090"
"https://www.visaovip.com/es/prod/monitores/monitor-gamer-xiaomi-mi-g-pro-27i-p27qba-rgpgl-27-qhd-mini-led-180hz-1ms-negro-blanco/49075/","https://cdn.visaovip.com/img/prod/monitor-gamer-xiaomi-mi-g-pro-27i-p27qba-rgpgl-27-qhd-mini-led-180hz-1ms-negro-blanco/49075/691141.jpg","Monitor Gamer Xiaomi Mi G Pro 27i P27QBA-RGPGL 27"" QHD Mini LED 180Hz / 1Ms - Negro / Blanco","XIAOMI","U$ 265,00","49075"
"https://www.visaovip.com/es/prod/monitores/monitor-3nstar-tcm008vh-15-capacitive-touch-screen-negro/48641/","https://cdn.visaovip.com/img/prod/monitor-3nstar-tcm008vh-15-capacitive-touch-screen-negro/48641/687013.jpg","Monitor 3nStar TCM008VH 15"" Capacitive Touch Screen - Negro","3NSTAR","U$ 255,00","48641"
"https://www.visaovip.com/es/prod/monitores/monitor-gamer-msi-esports-g244f-23-8-full-hd-led-170hz-1ms-negro/47831/","https://cdn.visaovip.com/img/prod/monitor-gamer-msi-esports-g244f-238-full-hd-led-170hz-1ms-negro/47831/676233.jpg","Monitor Gamer MSI Esports G244F 23.8"" Full HD LED 170Hz / 1Ms - Negro","MSI","U$ 135,00","47831"
"https://www.visaovip.com/es/prod/monitores/monitor-gamer-mtek-m32sfv240c-32-full-hd-led-curvo-va-240hz-1ms-negro/46070/","https://cdn.visaovip.com/img/prod/monitor-gamer-mtek-m32sfv240c-32-full-hd-led-curvo-va-240hz-1ms-negro/46070/653158.jpg","Monitor Gamer Mtek M32SFV240C 32"" Full HD LED Curvo VA 240Hz / 1Ms - Negro","MTEK","U$ 179,00","46070"
"https://www.visaovip.com/es/prod/monitores/monitor-msi-pro-mp243xw-23-8-full-hd-led-100hz-1ms-blanco/47307/","https://cdn.visaovip.com/img/prod/monitor-msi-pro-mp243xw-238-full-hd-led-100hz-1ms-blanco/47307/668241.jpg","Monitor MSI Pro MP243XW 23.8"" Full HD LED 100Hz / 1Ms - Blanco","MSI","U$ 89,00","47307"
"https://www.visaovip.com/es/prod/monitores/monitor-mtek-mk27sfv100p-27-full-hd-va-100hz-negro/46729/","https://cdn.visaovip.com/img/prod/monitor-mtek-mk27sfv100p-27-full-hd-va-100hz-negro/46729/661381.jpg","Monitor Mtek MK27SFV100P 27"" Full HD VA 100Hz - Negro","MTEK","U$ 89,00","46729"
"https://www.visaovip.com/es/prod/monitores/monitor-gamer-msi-esports-mag401qr-40-uwqhd-led-155hz-1ms-negro/46553/","https://cdn.visaovip.com/img/prod/monitor-gamer-msi-esports-mag401qr-40-uwqhd-led-155hz-1ms-negro/46553/658741.jpg","Monitor Gamer MSI Esports MAG401QR 40"" UWQHD LED 155Hz / 1Ms - Negro","MSI","U$ 419,00","46553"
"https://www.visaovip.com/es/prod/monitores/monitor-samsung-s3-ls32b300nwnxgo-32-full-hd-75hz-led-8ms-negro/46121/","https://cdn.visaovip.com/img/prod/monitor-samsung-s3-ls32b300nwnxgo-32-full-hd-75hz-led-8ms-negro/46121/653801.jpg","Monitor Samsung S3 LS32B300NWNXGO 32"" Full HD 75Hz LED / 8Ms - Negro","SAMSUNG","U$ 155,00","46121"
"https://www.visaovip.com/es/prod/monitores/monitor-xiaomi-mi-a27i-p27fba-ragl-27-full-hd-ips-100hz-6ms-negro/44278/","https://cdn.visaovip.com/img/prod/monitor-xiaomi-mi-a27i-p27fba-ragl-27-full-hd-ips-100hz-6ms-negro/44278/623901.jpg","Monitor Xiaomi Mi A27i P27FBA-RAGL 27"" Full HD IPS 100Hz / 6Ms - Negro","XIAOMI","U$ 83,00","44278"
"https://www.visaovip.com/es/prod/monitores/monitor-gamer-hye-hy32view75-32-full-hd-curvo-75hz-negro/43608/","https://cdn.visaovip.com/img/prod/monitor-gamer-hye-hy32view75-32-full-hd-curvo-75hz-negro/43608/615181.jpg","Monitor Gamer HYE HY32VIEW75 32"" Full HD Curvo 75Hz - Negro","HYE","U$ 137,00","43608"
"https://www.visaovip.com/es/prod/monitores/monitor-gamer-hye-hy27view75-27-full-hd-curvo-75hz-negro/43606/","https://cdn.visaovip.com/img/prod/monitor-gamer-hye-hy27view75-27-full-hd-curvo-75hz-negro/43606/615025.jpg","Monitor Gamer HYE HY27VIEW75 27"" Full HD Curvo 75Hz - Negro","HYE","U$ 104,00","43606"
"https://www.visaovip.com/es/prod/monitores/monitor-xiaomi-a22i-a22fab-ragl-21-45-full-hd-led-75hz-negro/42814/","https://cdn.visaovip.com/img/prod/monitor-xiaomi-a22i-a22fab-ragl-2145-full-hd-led-75hz-negro/42814/606061.jpg","Monitor Xiaomi A22I A22FAB-RAGL 21.45"" Full HD LED 75Hz - Negro","XIAOMI","U$ 61,50","42814"
"https://www.visaovip.com/es/prod/monitores/monitor-mtek-ms22sfv100p-va-22-full-hd-100hz-negro/43284/","https://cdn.visaovip.com/img/prod/monitor-mtek-ms22sfv100p-va-22-full-hd-100hz-negro/43284/612185.jpg","Monitor Mtek MS22SFV100P VA 22"" Full HD 100Hz - Negro","MTEK","U$ 72,00","43284"
"https://www.visaovip.com/es/prod/monitores/monitor-mtek-mk24sfv100p-va-24-full-hd-100hz-negro/42746/","https://cdn.visaovip.com/img/prod/monitor-mtek-mk24sfv100p-va-24-full-hd-100hz-negro/42746/605741.jpg","Monitor Mtek MK24SFV100P VA 24"" Full HD 100Hz - Negro","MTEK","U$ 80,00","42746"
"https://www.visaovip.com/es/prod/monitores/monitor-mtek-mk22sfv100p-va-22-full-hd-100hz-negro/42745/","https://cdn.visaovip.com/img/prod/monitor-mtek-mk22sfv100p-va-22-full-hd-100hz-negro/42745/605745.jpg","Monitor Mtek MK22SFV100P VA 22"" Full HD 100Hz - Negro","MTEK","U$ 70,00","42745"
"https://www.visaovip.com/es/prod/monitores/monitor-tek-ptk20nth-20-hd-negro/41843/","https://cdn.visaovip.com/img/prod/monitor-tek-ptk20nth-20-hd-negro/41843/597101.jpg","Monitor Tek PTK20NTH 20"" HD+ - Negro","TEK","U$ 44,00","41843"
"https://www.visaovip.com/es/prod/monitores/monitor-hye-hye17nlm-17-sxga-led-5ms-negro/40877/","https://cdn.visaovip.com/img/prod/monitor-hye-hye17nlm-17-sxga-led-5ms-negro/40877/585441.jpg","Monitor HYE HYE17NLM 17"" SXGA LED 5Ms - Negro","HYE","U$ 43,00","40877"
"https://www.visaovip.com/es/prod/monitores/monitor-mtek-ms20nht-20-hd-negro/41200/","https://cdn.visaovip.com/img/prod/monitor-mtek-ms20nht-20-hd-negro/41200/589641.jpg","Monitor Mtek MS20NHT 20"" HD+ - Negro","MTEK","U$ 57,00","41200"
"https://www.visaovip.com/es/prod/monitores/monitor-mtek-ms22sfv100p-va-22-full-hd-100hz-blanco/41198/","https://cdn.visaovip.com/img/prod/monitor-mtek-ms22sfv100p-va-22-full-hd-100hz-blanco/41198/592881.jpg","Monitor Mtek MS22SFV100P VA 22"" Full HD 100Hz - Blanco","MTEK","U$ 72,00","41198"
"https://www.visaovip.com/es/prod/monitores/monitor-hye-hye20nlm-20-hd-led-5ms-negro/40878/","https://cdn.visaovip.com/img/prod/monitor-hye-hye20nlm-20-hd-led-5ms-negro/40878/585461.jpg","Monitor HYE HYE20NLM 20"" HD+ LED 5Ms - Negro","HYE","U$ 57,00","40878"
"https://www.visaovip.com/es/prod/monitores/monitor-gamer-mtek-m24sfv165c-24-full-hd-va-curvo-165hz-1ms-negro/39921/","https://cdn.visaovip.com/img/prod/monitor-gamer-mtek-m24sfv165c-24-full-hd-va-curvo-165hz-1ms-negro/39921/579786.jpg","Monitor Gamer Mtek M24SFV165C 24"" Full HD VA Curvo 165Hz / 1Ms - Negro","MTEK","U$ 105,00","39921"
"https://www.visaovip.com/es/prod/monitores/monitor-samsung-lf27t350fhn-27-full-hd-ips-75hz-5ms-negro/36076/","https://cdn.visaovip.com/img/prod/monitor-samsung-lf27t350fhn-27-full-hd-ips-75hz-5ms-negro/36076/562067.jpg","Monitor Samsung LF27T350FHN 27"" Full HD IPS 75Hz / 5Ms - Negro","SAMSUNG","U$ 101,00","36076"
"https://www.visaovip.com/es/prod/monitores/monitor-gamer-mtek-m27sfv240c-27-full-hd-va-curvo-240hz-1ms-negro/35465/","https://cdn.visaovip.com/img/prod/monitor-gamer-mtek-m27sfv240c-27-full-hd-va-curvo-240hz-1ms-negro/35465/558935.jpg","Monitor Gamer Mtek M27SFV240C 27"" Full HD VA Curvo 240Hz / 1Ms - Negro","MTEK","U$ 163,00","35465"
"https://www.visaovip.com/es/prod/monitores/monitor-hye-hy20wfnc-20-hd-led-60hz-5ms-negro/30759/","https://cdn.visaovip.com/img/prod/monitor-hye-hy20wfnc-20-hd-led-60hz-5ms-negro/30759/628761.jpg","Monitor HYE HY20WFNC 20"" HD LED 60Hz / 5MS - Negro","HYE","U$ 59,00","30759"
"https://www.visaovip.com/es/prod/monitores/monitor-kolke-kes-459-19-5-hd-led-60hz-5ms-negro/25587/","https://cdn.visaovip.com/img/prod/monitor-kolke-kes-459-195-hd-led-60hz-5ms-negro/25587/553240.jpg","Monitor Kolke Kes-459 19.5"" HD LED 60Hz / 5Ms - Negro","KOLKE","U$ 49,90","25587"
"https://www.visaovip.com/es/prod/monitores/monitor-samsung-lc24f390fhn-23-5-full-hd-led-curvo-60hz-negro/11957/","https://cdn.visaovip.com/img/prod/monitor-samsung-lc24f390fhn-235-full-hd-led-curvo-60hz-negro/11957/581989.jpg","Monitor Samsung LC24F390FHN 23.5"" Full HD LED Curvo 60Hz - Negro","SAMSUNG","U$ 99,00","11957"