"link-dtw-prod href","img-dtw-prod src","card-dtw-subtitulo","card-dtw-preco-dolar","card-dtw-codigo-lista","card-dtw-preco-real","card-dtw-preco-guarani"
"https://www.visaovip.com/produto/notebook/notebook-hp-omnibook-x-flip-ai-14-fk0033dx-amd-ryzen-ai-7-350-pantalla-touch-2k-14-0-24gb-de-ram-1tb-ssd-win11home-gris-ingles/54460","https://www.visaovip.com/imagem/notebook/notebook-hp-omnibook-x-flip-ai-14-fk0033dx-amd-ryzen-ai-7-350-pantalla-touch-2k-14-0-24gb-de-ram-1tb-ssd-win11home-gris-ingles/1/54460?pfdrid_c=true","Notebook HP Omnibook X Flip AI 14-FK0033DX AMD Ryzen AI 7 350 Pantalla Touch 2K 14.0"" / 24GB de RAM / 1TB SSD / Win11Home - Gris (Inglés)","U$ 865,00","Cód.: 54460","R$ 4.835,35","G$ 6.314.500"
"https://www.visaovip.com/produto/notebook/notebook-hp-omnibook-x-flip-ai-14-fm0023dx-intel-core-ultra-7-256v-pantalla-touch-2k-14-0-16gb-de-ram-1tb-ssd-win11home-azul-ingles/54459","https://www.visaovip.com/imagem/notebook/notebook-hp-omnibook-x-flip-ai-14-fm0023dx-intel-core-ultra-7-256v-pantalla-touch-2k-14-0-16gb-de-ram-1tb-ssd-win11home-azul-ingles/1/54459?pfdrid_c=true","Notebook HP Omnibook X Flip AI 14-FM0023DX Intel Core Ultra 7 256V Pantalla Touch 2K 14.0"" / 16GB de RAM / 1TB SSD / Win11Home - Azul (Inglés)","U$ 852,00","Cód.: 54459","R$ 4.762,68","G$ 6.219.600"
"https://www.visaovip.com/produto/notebook/notebook-hp-14-dq6013dx-intel-celeron-n150-pantalla-hd-14-0-4gb-de-ram-128gb-ufs-win11home-verde-ingles/54458","https://www.visaovip.com/imagem/notebook/notebook-hp-14-dq6013dx-intel-celeron-n150-pantalla-hd-14-0-4gb-de-ram-128gb-ufs-win11home-verde-ingles/1/54458?pfdrid_c=true","Notebook HP 14-DQ6013DX Intel Celeron N150 Pantalla HD 14.0"" / 4GB de RAM / 128GB UFS / Win11Home - Verde (Inglés)","","Cód.: 54458","R$ 1.033,59","G$ 1.349.770"
"https://www.visaovip.com/produto/notebook/notebook-acer-aspire-go-15-ag15-71p-794k-intel-core-i7-13620h-pantalla-full-hd-15-6-16gb-de-ram-512gb-ssd-win11home-pure-plata-ingles/54457","https://www.visaovip.com/imagem/notebook/notebook-acer-aspire-go-15-ag15-71p-794k-intel-core-i7-13620h-pantalla-full-hd-15-6-16gb-de-ram-512gb-ssd-win11home-pure-plata-ingles/1/54457?pfdrid_c=true","Notebook Acer Aspire Go 15 AG15-71P-794K Intel Core i7 13620H Pantalla Full HD 15.6"" / 16GB de RAM / 512GB SSD / Win11Home - Pure Plata (Inglés)","U$ 648,00","Cód.: 54457","R$ 3.622,32","G$ 4.730.400"
"https://www.visaovip.com/produto/notebook/notebook-acer-aspire-go-15-ag15-42p-r1r7-amd-ryzen-7-5825u-pantalla-full-hd-15-6-32gb-de-ram-1tb-ssd-win11home-pure-plata-ingles/54456","https://www.visaovip.com/imagem/notebook/notebook-acer-aspire-go-15-ag15-42p-r1r7-amd-ryzen-7-5825u-pantalla-full-hd-15-6-32gb-de-ram-1tb-ssd-win11home-pure-plata-ingles/1/54456?pfdrid_c=true","Notebook Acer Aspire Go 15 AG15-42P-R1R7 AMD Ryzen 7 5825U Pantalla Full HD 15.6"" / 32GB de RAM / 1TB SSD / Win11Home - Pure Plata (Inglés)","U$ 719,00","Cód.: 54456","R$ 4.019,21","G$ 5.248.700"
"https://www.visaovip.com/produto/notebook/notebook-lenovo-ideapad-slim-5-16iru9-intel-core-7-150u-pantalla-wuxga-16-0-8gb-de-ram-512gb-ssd-win11home-cloud-gris-83fw000xus-ingles/54428","https://www.visaovip.com/imagem/notebook/notebook-lenovo-ideapad-slim-5-16iru9-intel-core-7-150u-pantalla-wuxga-16-0-8gb-de-ram-512gb-ssd-win11home-cloud-gris-83fw000xus-ingles/1/54428?pfdrid_c=true","Notebook Lenovo IdeaPad Slim 5 16IRU9 Intel Core 7 150U Pantalla WUXGA 16.0"" / 8GB de RAM / 512GB SSD / Win11Home - Cloud Gris (83FW000XUS) (Inglés)","U$ 645,00","Cód.: 54428","R$ 3.605,55","G$ 4.708.500"
"https://www.visaovip.com/produto/notebook/notebook-lenovo-ideapad-1-15iru7-intel-core-i5-1335u-pantalla-touch-full-hd-15-6-8gb-de-ram-256gb-ssd-win11home-abyss-azul-83fw000xus-ingles/54422","https://www.visaovip.com/imagem/notebook/notebook-lenovo-ideapad-1-15iru7-intel-core-i5-1335u-pantalla-touch-full-hd-15-6-8gb-de-ram-256gb-ssd-win11home-abyss-azul-83fw000xus-ingles/1/54422?pfdrid_c=true","Notebook Lenovo IdeaPad 1 15IRU7 Intel Core i5 1335U Pantalla Touch Full HD 15.6"" / 8GB de RAM / 256GB SSD / Win11Home - Abyss Azul (83FW000XUS) (Inglés)","U$ 410,00","Cód.: 54422","R$ 2.291,90","G$ 2.993.000"
"https://www.visaovip.com/produto/notebook/notebook-gamer-lenovo-legion-5-15irx10-intel-core-i7-14700hx-pantalla-wqxga-15-1-16gb-de-ram-1tb-ssd-win11home-geforce-rtx5060-8gb-eclipse-negro-83ly0000us-ingles/54421","https://www.visaovip.com/imagem/notebook/notebook-gamer-lenovo-legion-5-15irx10-intel-core-i7-14700hx-pantalla-wqxga-15-1-16gb-de-ram-1tb-ssd-win11home-geforce-rtx5060-8gb-eclipse-negro-83ly0000us-ingles/1/54421?pfdrid_c=true","Notebook Gamer Lenovo Legion 5 15IRX10 Intel Core i7 14700HX Pantalla WQXGA 15.1"" / 16GB de RAM / 1TB SSD / Win11Home / GeForce RTX5060 8GB - Eclipse Negro (83LY0000US) (Inglés)","U$ 1.399,00","Cód.: 54421","R$ 7.820,41","G$ 10.212.700"
"https://www.visaovip.com/produto/notebook/notebook-msi-prestige-16-ai-evo-b1mg-013us-intel-core-ultra-9-185h-pantalla-qhd--16-16gb-de-ram-1tb-ssd-win11home-stellar-gris-ingles/54415","https://www.visaovip.com/imagem/notebook/notebook-msi-prestige-16-ai-evo-b1mg-013us-intel-core-ultra-9-185h-pantalla-qhd--16-16gb-de-ram-1tb-ssd-win11home-stellar-gris-ingles/1/54415?pfdrid_c=true","Notebook MSI Prestige 16 AI Evo B1MG-013US Intel Core Ultra 9 185H Pantalla QHD+ 16"" / 16GB de RAM / 1TB SSD / Win11Home - Stellar Gris (Inglés)","U$ 1.190,00","Cód.: 54415","R$ 6.652,10","G$ 8.687.000"
"https://www.visaovip.com/produto/notebook/notebook-hp-elitebook-660-g11-intel-core-ultra-7-165u-pantalla-wuxga-16-16gb-de-ram-512gb-ssd-win11home-plata-ingles/54382","https://www.visaovip.com/imagem/notebook/notebook-hp-elitebook-660-g11-intel-core-ultra-7-165u-pantalla-wuxga-16-16gb-de-ram-512gb-ssd-win11home-plata-ingles/1/54382?pfdrid_c=true","Notebook HP EliteBook 660 G11 Intel Core Ultra 7 165U Pantalla WUXGA 16"" / 16GB de RAM / 512GB SSD / Win11Home - Plata (Inglés)","","Cód.: 54382","R$ 4.695,60","G$ 6.132.000"
"https://www.visaovip.com/produto/notebook/notebook-lenovo-v15-g2-ijl-intel-celeron-n4500-pantalla-full-hd-15-6-4gb-de-ram-256gb-ssd-negro-82qy00phak-ingles/54380","https://www.visaovip.com/imagem/notebook/notebook-lenovo-v15-g2-ijl-intel-celeron-n4500-pantalla-full-hd-15-6-4gb-de-ram-256gb-ssd-negro-82qy00phak-ingles/1/54380?pfdrid_c=true","Notebook Lenovo V15 G2 IJL Intel Celeron N4500 Pantalla Full HD 15.6"" / 4GB de RAM / 256GB SSD - Negro (82QY00PHAK) (Inglés)","U$ 255,00","Cód.: 54380","R$ 1.425,45","G$ 1.861.500"
"https://www.visaovip.com/produto/notebook/notebook-hp-15t-fd000-intel-core-i7-1355u-pantalla-full-hd-15-6-8gb-de-ram-256gb-ssd-win11home-azul-10pdi002282-ingles/54379","https://www.visaovip.com/imagem/notebook/notebook-hp-15t-fd000-intel-core-i7-1355u-pantalla-full-hd-15-6-8gb-de-ram-256gb-ssd-win11home-azul-10pdi002282-ingles/1/54379?pfdrid_c=true","Notebook HP 15T-FD000 Intel Core i7 1355U Pantalla Full HD 15.6"" / 8GB de RAM / 256GB SSD / Win11Home - Azul (10PDI002282) (Inglés)","U$ 540,00","Cód.: 54379","R$ 3.018,60","G$ 3.942.000"
"https://www.visaovip.com/produto/notebook/notebook-hp-15t-fd000-intel-core-i7-1355u-pantalla-full-hd-15-6-8gb-de-ram-256gb-ssd-win11home-negro-10pdi002160-ingles/54378","https://www.visaovip.com/imagem/notebook/notebook-hp-15t-fd000-intel-core-i7-1355u-pantalla-full-hd-15-6-8gb-de-ram-256gb-ssd-win11home-negro-10pdi002160-ingles/1/54378?pfdrid_c=true","Notebook HP 15T-FD000 Intel Core i7 1355U Pantalla Full HD 15.6"" / 8GB de RAM / 256GB SSD / Win11Home - Negro (10PDI002160) (Inglés)","U$ 537,00","Cód.: 54378","R$ 3.001,83","G$ 3.920.100"
"https://www.visaovip.com/produto/notebook/notebook-hp-15t-fd000-intel-core-i7-1355u-pantalla-full-hd-15-6-8gb-de-ram-256gb-ssd-win11home-blanco-10pdi002279-ingles/54376","https://www.visaovip.com/imagem/notebook/notebook-hp-15t-fd000-intel-core-i7-1355u-pantalla-full-hd-15-6-8gb-de-ram-256gb-ssd-win11home-blanco-10pdi002279-ingles/1/54376?pfdrid_c=true","Notebook HP 15T-FD000 Intel Core i7 1355U Pantalla Full HD 15.6"" / 8GB de RAM / 256GB SSD / Win11Home - Blanco (10PDI002279) (Inglés)","U$ 540,00","Cód.: 54376","R$ 3.018,60","G$ 3.942.000"
"https://www.visaovip.com/produto/notebook/notebook-gamer-alieware-16-aurora-ac16250-intel-core-7-240h-pantalla-qhd-16-0-16gb-de-ram-512gb-ssd-win11home-geforce-rtx5050-8gb-azul-ingles/54295","https://www.visaovip.com/imagem/notebook/notebook-gamer-alieware-16-aurora-ac16250-intel-core-7-240h-pantalla-qhd-16-0-16gb-de-ram-512gb-ssd-win11home-geforce-rtx5050-8gb-azul-ingles/1/54295?pfdrid_c=true","Notebook Gamer Alieware 16 Aurora AC16250 Intel Core 7 240H Pantalla QHD 16.0"" / 16GB de RAM / 512GB SSD / Win11Home / GeForce RTX5050 8GB - Azul  (Inglés)","U$ 1.130,00","Cód.: 54295","R$ 6.316,70","G$ 8.249.000"
"https://www.visaovip.com/produto/notebook/notebook-hp-15-fd0113dx-intel-core-i3-n305-pantalla-hd-15-6-8gb-de-ram-128gb-ufs-win11home-plata-ingles/54268","https://www.visaovip.com/imagem/notebook/notebook-hp-15-fd0113dx-intel-core-i3-n305-pantalla-hd-15-6-8gb-de-ram-128gb-ufs-win11home-plata-ingles/1/54268?pfdrid_c=true","Notebook HP 15-FD0113DX Intel Core i3 N305 Pantalla HD 15.6"" / 8GB de RAM / 128GB UFS / Win11Home - Plata (Inglés)","U$ 308,00","Cód.: 54268","R$ 1.721,72","G$ 2.248.400"
"https://www.visaovip.com/produto/notebook/notebook-acer-aspire-go-15-ag15-21pt-r5gq-amd-ryzen-5-7520u-pantalla-full-hd-15-6-8gb-de-ram-512gb-ssd-win11home-pure-plata-ingles/54266","https://www.visaovip.com/imagem/notebook/notebook-acer-aspire-go-15-ag15-21pt-r5gq-amd-ryzen-5-7520u-pantalla-full-hd-15-6-8gb-de-ram-512gb-ssd-win11home-pure-plata-ingles/1/54266?pfdrid_c=true","Notebook Acer Aspire Go 15 AG15-21PT-R5GQ AMD Ryzen 5 7520U Pantalla Full HD 15.6"" / 8GB de RAM / 512GB SSD / Win11Home - Pure Plata (Inglés)","U$ 373,00","Cód.: 54266","R$ 2.085,07","G$ 2.722.900"
"https://www.visaovip.com/produto/notebook/notebook-gamer-asus-tuf-f17-fx707vv-hx226w-intel-core-i7-13620h-pantalla-full-hd-17-3-16gb-de-ram-512gb-ssd-win11home-geforce-rtx4060-8gb-mecha-gris-ingles/54218","https://www.visaovip.com/imagem/notebook/notebook-gamer-asus-tuf-f17-fx707vv-hx226w-intel-core-i7-13620h-pantalla-full-hd-17-3-16gb-de-ram-512gb-ssd-win11home-geforce-rtx4060-8gb-mecha-gris-ingles/1/54218?pfdrid_c=true","Notebook Gamer ASUS TUF F17 FX707VV-HX226W Intel Core i7 13620H Pantalla Full HD 17.3"" / 16GB de RAM / 512GB SSD / Win11Home / GeForce RTX4060 8GB - Mecha Gris (Inglés)","U$ 1.245,00","Cód.: 54218","R$ 6.959,55","G$ 9.088.500"
"https://www.visaovip.com/produto/notebook/notebook-gamer-rog-strix-g16-g615jmr-ds94-intel-core-i9-14900hx-pantalla-wuxga-16-0-16gb-de-ram-1tb-ssd-win11home-geforce-rtx5060-8gb-eclipse-gris-ingles/54217","https://www.visaovip.com/imagem/notebook/notebook-gamer-rog-strix-g16-g615jmr-ds94-intel-core-i9-14900hx-pantalla-wuxga-16-0-16gb-de-ram-1tb-ssd-win11home-geforce-rtx5060-8gb-eclipse-gris-ingles/1/54217?pfdrid_c=true","Notebook Gamer ROG Strix G16 G615JMR-DS94 Intel Core i9 14900HX Pantalla WUXGA 16.0"" / 16GB de RAM / 1TB SSD / Win11Home / GeForce RTX5060 8GB - Eclipse Gris (Inglés)","","Cód.: 54217","R$ 9.491,82","G$ 12.395.400"
"https://www.visaovip.com/produto/notebook/notebook-gamer-rog-strix-g16-g614fp-rv010w-amd-ryzen-9-9955hx-pantalla-wuxga-16-0-16gb-de-ram-1tb-ssd-win11home-geforce-rtx5070-8gb-eclipse-gris-ingles/54214","https://www.visaovip.com/imagem/notebook/notebook-gamer-rog-strix-g16-g614fp-rv010w-amd-ryzen-9-9955hx-pantalla-wuxga-16-0-16gb-de-ram-1tb-ssd-win11home-geforce-rtx5070-8gb-eclipse-gris-ingles/1/54214?pfdrid_c=true","Notebook Gamer ROG Strix G16 G614FP-RV010W AMD Ryzen 9 9955HX Pantalla WUXGA 16.0"" / 16GB de RAM / 1TB SSD / Win11Home / GeForce RTX5070 8GB - Eclipse Gris (Inglés)","U$ 1.869,00","Cód.: 54214","R$ 10.447,71","G$ 13.643.700"
"https://www.visaovip.com/produto/notebook/notebook-asus-vivobook-s16-m5606ka-ps77-amd-ryzen-ai-7-350-pantalla-oled-16-0-24gb-de-ram-1tb-ssd-win11home-neutral-negro-ingles/54193","https://www.visaovip.com/imagem/notebook/notebook-asus-vivobook-s16-m5606ka-ps77-amd-ryzen-ai-7-350-pantalla-oled-16-0-24gb-de-ram-1tb-ssd-win11home-neutral-negro-ingles/1/54193?pfdrid_c=true","Notebook ASUS Vivobook S16 M5606KA-PS77 AMD Ryzen AI 7 350 Pantalla OLED 16.0"" / 24GB de RAM / 1TB SSD / Win11Home - Neutral Negro (Inglés)","U$ 1.115,00","Cód.: 54193","R$ 6.232,85","G$ 8.139.500"
"https://www.visaovip.com/produto/notebook/notebook-asus-vivobook-s-14-m5406wa-bs99-amd-ryzen-ai-9-hx-370-pantalla-oled-14-0-32gb-de-ram-1tb-ssd-neutral-negro-ingles/54192","https://www.visaovip.com/imagem/notebook/notebook-asus-vivobook-s-14-m5406wa-bs99-amd-ryzen-ai-9-hx-370-pantalla-oled-14-0-32gb-de-ram-1tb-ssd-neutral-negro-ingles/1/54192?pfdrid_c=true","Notebook ASUS Vivobook S 14 M5406WA-BS99 AMD Ryzen AI 9 HX 370 Pantalla OLED 14.0"" / 32GB de RAM / 1TB SSD - Neutral Negro (Inglés)","U$ 1.239,00","Cód.: 54192","R$ 6.926,01","G$ 9.044.700"
"https://www.visaovip.com/produto/notebook/notebook-asus-vivobook-pro-15-n6506cu-ma040w-intel-core-ultra-9-285h-pantalla-oled-15-6-24gb-de-ram-1tb-ssd-geforce-rtx4050-6gb-earl-gris-ingles/54191","https://www.visaovip.com/imagem/notebook/notebook-asus-vivobook-pro-15-n6506cu-ma040w-intel-core-ultra-9-285h-pantalla-oled-15-6-24gb-de-ram-1tb-ssd-geforce-rtx4050-6gb-earl-gris-ingles/1/54191?pfdrid_c=true","Notebook ASUS Vivobook Pro 15 N6506CU-MA040W Intel Core Ultra 9 285H Pantalla OLED 15.6"" / 24GB de RAM / 1TB SSD / GeForce RTX4050 6GB - Earl Gris (Inglés)","U$ 1.515,00","Cód.: 54191","R$ 8.468,85","G$ 11.059.500"
"https://www.visaovip.com/produto/notebook/notebook-gamer-hp-omen-16-slim-16-an0119nr-intel-core-ultra-9-285h-pantalla-wqxga-16-0-16gb-de-ram-1tb-ssd-win11home-geforce-rtx5070-8gb-negro-ingles/54158","https://www.visaovip.com/imagem/notebook/notebook-gamer-hp-omen-16-slim-16-an0119nr-intel-core-ultra-9-285h-pantalla-wqxga-16-0-16gb-de-ram-1tb-ssd-win11home-geforce-rtx5070-8gb-negro-ingles/1/54158?pfdrid_c=true","Notebook Gamer HP OMEN 16 Slim 16-AN0119NR Intel Core Ultra 9 285H Pantalla WQXGA 16.0"" / 16GB de RAM / 1TB SSD / Win11Home / GeForce RTX5070 8GB - Negro (Inglés)","","Cód.: 54158","R$ 9.497,41","G$ 12.402.700"
"https://www.visaovip.com/produto/notebook/notebook-lenovo-ideapad-slim-3-15ian8-intel-core-i3-n305-pantalla-full-hd-15-6-8gb-de-ram-256gb-ssd-win11home-abyss-azul-82xb00bmus-ingles/54155","https://www.visaovip.com/imagem/notebook/notebook-lenovo-ideapad-slim-3-15ian8-intel-core-i3-n305-pantalla-full-hd-15-6-8gb-de-ram-256gb-ssd-win11home-abyss-azul-82xb00bmus-ingles/1/54155?pfdrid_c=true","Notebook Lenovo IdeaPad Slim 3 15IAN8 Intel Core i3 N305 Pantalla Full HD 15.6"" / 8GB de RAM / 256GB SSD / Win11Home - Abyss Azul (82XB00BMUS) (Inglés)","U$ 325,00","Cód.: 54155","R$ 1.816,75","G$ 2.372.500"
"https://www.visaovip.com/produto/notebook/notebook-gamer-asus-tuf-f16-fx608jhr-es73-intel-core-i7-14650hx-pantalla-wuxga-16-0-16gb-de-ram-512gb-ssd-win11home-geforce-rtx5050-8gb-jaeger-gris-ingles/54152","https://www.visaovip.com/imagem/notebook/notebook-gamer-asus-tuf-f16-fx608jhr-es73-intel-core-i7-14650hx-pantalla-wuxga-16-0-16gb-de-ram-512gb-ssd-win11home-geforce-rtx5050-8gb-jaeger-gris-ingles/1/54152?pfdrid_c=true","Notebook Gamer ASUS TUF F16 FX608JHR-ES73 Intel Core i7 14650HX Pantalla WUXGA 16.0"" / 16GB de RAM / 512GB SSD / Win11Home / GeForce RTX5050 8GB - Jaeger Gris (Inglés)","U$ 1.305,00","Cód.: 54152","R$ 7.294,95","G$ 9.526.500"
"https://www.visaovip.com/produto/notebook/notebook-lenovo-v15-g4-iru-intel-core-i7-13620h-pantalla-full-hd-15-6-16gb-de-ram-1tb-ssd-win11home-business-negro-83cc002hus-ingles/54151","https://www.visaovip.com/imagem/notebook/notebook-lenovo-v15-g4-iru-intel-core-i7-13620h-pantalla-full-hd-15-6-16gb-de-ram-1tb-ssd-win11home-business-negro-83cc002hus-ingles/1/54151?pfdrid_c=true","Notebook Lenovo V15 G4 IRU Intel Core i7 13620H Pantalla Full HD 15.6"" / 16GB de RAM / 1TB SSD / Win11Home - Business Negro (83CC002HUS) (Inglés)","U$ 589,00","Cód.: 54151","R$ 3.292,51","G$ 4.299.700"
"https://www.visaovip.com/produto/notebook/notebook-acer-aspire-3-a325-45-intel-celeron-n4500-pantalla-full-hd-15-6-8gb-de-ram-256gb-ssd-win11home-plata-ingles/54150","https://www.visaovip.com/imagem/notebook/notebook-acer-aspire-3-a325-45-intel-celeron-n4500-pantalla-full-hd-15-6-8gb-de-ram-256gb-ssd-win11home-plata-ingles/1/54150?pfdrid_c=true","Notebook Acer Aspire 3 A325-45 Intel Celeron N4500 Pantalla Full HD 15.6"" / 8GB de RAM / 256GB SSD / Win11Home - Plata (Inglés)","U$ 260,00","Cód.: 54150","R$ 1.453,40","G$ 1.898.000"
"https://www.visaovip.com/produto/notebook/notebook-gamer-acer-predator-helios-neo-16s-ai-phn16s-71-91aw-intel-core-ultra-9-275hx-pantalla-oled-16-16gb-de-ram-1tb-ssd-win11home-geforce-rtx5060-8gb-obsidian-negro-ingles/54148","https://www.visaovip.com/imagem/notebook/notebook-gamer-acer-predator-helios-neo-16s-ai-phn16s-71-91aw-intel-core-ultra-9-275hx-pantalla-oled-16-16gb-de-ram-1tb-ssd-win11home-geforce-rtx5060-8gb-obsidian-negro-ingles/1/54148?pfdrid_c=true","Notebook Gamer Acer Predator Helios Neo 16S AI PHN16S-71-91AW Intel Core Ultra 9 275HX Pantalla OLED 16"" / 16GB de RAM / 1TB SSD / Win11Home / GeForce RTX5060 8GB - Obsidian Negro (Inglés)","U$ 1.539,00","Cód.: 54148","R$ 8.603,01","G$ 11.234.700"
"https://www.visaovip.com/produto/notebook/notebook-gamer-msi-cyborg-15-b2rwfkg-259us-intel-core-7-240h-pantalla-full-hd-15-6-16gb-de-ram-512gb-ssd-win11home-geforce-rtx5060-8gb-translucent-negro-ingles/54147","https://www.visaovip.com/imagem/notebook/notebook-gamer-msi-cyborg-15-b2rwfkg-259us-intel-core-7-240h-pantalla-full-hd-15-6-16gb-de-ram-512gb-ssd-win11home-geforce-rtx5060-8gb-translucent-negro-ingles/1/54147?pfdrid_c=true","Notebook Gamer MSI Cyborg 15 B2RWFKG-259US Intel Core 7 240H Pantalla Full HD 15.6"" / 16GB de RAM / 512GB SSD / Win11Home / GeForce RTX5060 8GB - Translucent Negro (Inglés)","U$ 1.379,00","Cód.: 54147","R$ 7.708,61","G$ 10.066.700"
"https://www.visaovip.com/produto/notebook/notebook-asus-vivobook-15-f1504va-bs51t-intel-core-i5-1334u-pantalla-touch-full-hd-15-6-16gb-de-ram-512gb-ssd-win11home-quiet-azul-ingles/54145","https://www.visaovip.com/imagem/notebook/notebook-asus-vivobook-15-f1504va-bs51t-intel-core-i5-1334u-pantalla-touch-full-hd-15-6-16gb-de-ram-512gb-ssd-win11home-quiet-azul-ingles/1/54145?pfdrid_c=true","Notebook ASUS Vivobook 15 F1504VA-BS51T Intel Core i5 1334U Pantalla Touch Full HD 15.6"" / 16GB de RAM / 512GB SSD / Win11Home - Quiet Azul (Inglés)","U$ 586,00","Cód.: 54145","R$ 3.275,74","G$ 4.277.800"
"https://www.visaovip.com/produto/notebook/notebook-dell-15-dc15255-amd-ryzen-3-7320u-pantalla-full-hd-15-6-8gb-de-ram-512gb-ssd-win11home-carbon-negro-ingles/54053","https://www.visaovip.com/imagem/notebook/notebook-dell-15-dc15255-amd-ryzen-3-7320u-pantalla-full-hd-15-6-8gb-de-ram-512gb-ssd-win11home-carbon-negro-ingles/1/54053?pfdrid_c=true","Notebook Dell 15 DC15255 AMD Ryzen 3 7320U Pantalla Full HD 15.6"" / 8GB de RAM / 512GB SSD / Win11Home - Carbon Negro (Inglés)","U$ 333,00","Cód.: 54053","R$ 1.861,47","G$ 2.430.900"
"https://www.visaovip.com/produto/notebook/notebook-gamer-hp-omen-16-slim-16-an0075cl-intel-core-ultra-9-285h-pantalla-2k-16-0-32gb-de-ram-1tb-ssd-win11home-geforce-rtx5070-8gb-negro-ingles/54051","https://www.visaovip.com/imagem/notebook/notebook-gamer-hp-omen-16-slim-16-an0075cl-intel-core-ultra-9-285h-pantalla-2k-16-0-32gb-de-ram-1tb-ssd-win11home-geforce-rtx5070-8gb-negro-ingles/1/54051?pfdrid_c=true","Notebook Gamer HP OMEN 16 Slim 16-AN0075CL Intel Core Ultra 9 285H Pantalla 2K 16.0"" / 32GB de RAM / 1TB SSD / Win11Home / GeForce RTX5070 8GB - Negro (Inglés)","U$ 1.940,00","Cód.: 54051","R$ 10.844,60","G$ 14.162.000"
"https://www.visaovip.com/produto/notebook/notebook-gamer-gigabyte-aero-x16-1vh93usc64ah-amd-ryzen-ai-7-350-pantalla-qhd--16-32gb-de-ram-1tb-ssd-win11home-geforce-rtx-5060-8gb-gris-ingles/54050","https://www.visaovip.com/imagem/notebook/notebook-gamer-gigabyte-aero-x16-1vh93usc64ah-amd-ryzen-ai-7-350-pantalla-qhd--16-32gb-de-ram-1tb-ssd-win11home-geforce-rtx-5060-8gb-gris-ingles/1/54050?pfdrid_c=true","Notebook Gamer Gigabyte Aero X16 1VH93USC64AH AMD Ryzen AI 7 350 Pantalla QHD+ 16"" / 32GB de RAM / 1TB SSD / Win11Home / GeForce RTX 5060 8GB - Gris (Inglés)","U$ 1.295,00","Cód.: 54050","R$ 7.239,05","G$ 9.453.500"
"https://www.visaovip.com/produto/notebook/notebook-hp-15-fd0684nr-intel-core-5-120u-pantalla-full-hd-15-6-12gb-de-ram-512gb-ssd-win11-plata-ingles/54049","https://www.visaovip.com/imagem/notebook/notebook-hp-15-fd0684nr-intel-core-5-120u-pantalla-full-hd-15-6-12gb-de-ram-512gb-ssd-win11-plata-ingles/1/54049?pfdrid_c=true","Notebook HP 15-FD0684NR Intel Core 5 120U Pantalla Full HD 15.6"" / 12GB de RAM / 512GB SSD / Win11 - Plata (Inglés)","U$ 440,00","Cód.: 54049","R$ 2.459,60","G$ 3.212.000"
"https://www.visaovip.com/produto/notebook/notebook-dell-14-plus-ldb04250-7137blu-pus-intel-core-ultra-7-256v-pantalla-touch-full-hd--14-16gb-de-ram-1tb-ssd-win11home-ice-azul-ingles/54033","https://www.visaovip.com/imagem/notebook/notebook-dell-14-plus-ldb04250-7137blu-pus-intel-core-ultra-7-256v-pantalla-touch-full-hd--14-16gb-de-ram-1tb-ssd-win11home-ice-azul-ingles/1/54033?pfdrid_c=true","Notebook Dell 14 Plus LDB04250-7137BLU-PUS Intel Core Ultra 7 256V Pantalla Touch Full HD+ 14"" / 16GB de RAM / 1TB SSD / Win11Home - Ice Azul (Inglés)","U$ 842,00","Cód.: 54033","R$ 4.706,78","G$ 6.146.600"
"https://www.visaovip.com/produto/notebook/notebook-hp-omnibook-5-flip-14-fp0013dx-intel-core-5-120u-pantalla-touch-2k-14-0-8gb-de-ram-512gb-ssd-win11home-plata-ingles/53966","https://www.visaovip.com/imagem/notebook/notebook-hp-omnibook-5-flip-14-fp0013dx-intel-core-5-120u-pantalla-touch-2k-14-0-8gb-de-ram-512gb-ssd-win11home-plata-ingles/1/53966?pfdrid_c=true","Notebook HP Omnibook 5 Flip 14-FP0013DX Intel Core 5 120U Pantalla Touch 2K 14.0"" / 8GB de RAM / 512GB SSD / Win11Home - Plata (Inglés)","U$ 480,00","Cód.: 53966","R$ 2.683,20","G$ 3.504.000"
"https://www.visaovip.com/produto/notebook/notebook-gamer-msi-thin-15-b13ve-2678us-intel-core-i7-13620h-pantalla-full-hd-15-6-16gb-de-ram-512gb-ssd-win11home-geforce-rtx4050-6gb-cosmos-gris-ingles/53956","https://www.visaovip.com/imagem/notebook/notebook-gamer-msi-thin-15-b13ve-2678us-intel-core-i7-13620h-pantalla-full-hd-15-6-16gb-de-ram-512gb-ssd-win11home-geforce-rtx4050-6gb-cosmos-gris-ingles/1/53956?pfdrid_c=true","Notebook Gamer MSI Thin 15 B13VE-2678US Intel Core i7 13620H Pantalla Full HD 15.6"" / 16GB de RAM / 512GB SSD / Win11Home / GeForce RTX4050 6GB - Cosmos Gris (Inglés)","U$ 907,00","Cód.: 53956","R$ 5.070,13","G$ 6.621.100"
"https://www.visaovip.com/produto/notebook/notebook-gamer-lenovo-legion-5-16iax10-intel-core-ultra-9-275hx-pantalla-wqxga-16-0-32gb-de-ram-1tb-ssd-win11home-geforce-rtx5060-8gb-storm-gris-83nx0000us-ingles/53955","https://www.visaovip.com/imagem/notebook/notebook-gamer-lenovo-legion-5-16iax10-intel-core-ultra-9-275hx-pantalla-wqxga-16-0-32gb-de-ram-1tb-ssd-win11home-geforce-rtx5060-8gb-storm-gris-83nx0000us-ingles/1/53955?pfdrid_c=true","Notebook Gamer Lenovo Legion 5 16IAX10 Intel Core Ultra 9 275HX Pantalla WQXGA 16.0"" / 32GB de RAM / 1TB SSD / Win11Home / GeForce RTX5060 8GB - Storm Gris (83NX0000US) (Inglés)","U$ 1.565,00","Cód.: 53955","R$ 8.748,35","G$ 11.424.500"
"https://www.visaovip.com/produto/notebook/notebook-gamer-msi-thin-a15-b7ve-466us-amd-ryzen-5-7535hs-pantalla-full-hd-15-6-8gb-de-ram-512gb-ssd-win11home-geforce-rtx4050-6gb-cosmos-gris-ingles/53953","https://www.visaovip.com/imagem/notebook/notebook-gamer-msi-thin-a15-b7ve-466us-amd-ryzen-5-7535hs-pantalla-full-hd-15-6-8gb-de-ram-512gb-ssd-win11home-geforce-rtx4050-6gb-cosmos-gris-ingles/1/53953?pfdrid_c=true","Notebook Gamer MSI Thin A15 B7VE-466US AMD Ryzen 5 7535HS Pantalla Full HD 15.6"" / 8GB de RAM / 512GB SSD / Win11Home / GeForce RTX4050 6GB - Cosmos Gris (Inglés)","U$ 669,00","Cód.: 53953","R$ 3.739,71","G$ 4.883.700"
"https://www.visaovip.com/produto/notebook/notebook-asus-vivobook-15-x1502va-nj1003w-intel-core-i5-13620h-pantalla-full-hd-15-6-16gb-de-ram-512gb-ssd-win11home-quiet-azul-ingles/53951","https://www.visaovip.com/imagem/notebook/notebook-asus-vivobook-15-x1502va-nj1003w-intel-core-i5-13620h-pantalla-full-hd-15-6-16gb-de-ram-512gb-ssd-win11home-quiet-azul-ingles/1/53951?pfdrid_c=true","Notebook ASUS Vivobook 15 X1502VA-NJ1003W Intel Core i5 13620H Pantalla Full HD 15.6"" / 16GB de RAM / 512GB SSD / Win11Home - Quiet Azul (Inglés)","U$ 639,00","Cód.: 53951","R$ 3.572,01","G$ 4.664.700"
"https://www.visaovip.com/produto/notebook/notebook-hp-omnibook-5-flip-14-fp0023dx-intel-core-7-150u-pantalla-touch-2k-14-0-16gb-de-ram-512gb-ssd-win11home-plata-ingles/53879","https://www.visaovip.com/imagem/notebook/notebook-hp-omnibook-5-flip-14-fp0023dx-intel-core-7-150u-pantalla-touch-2k-14-0-16gb-de-ram-512gb-ssd-win11home-plata-ingles/1/53879?pfdrid_c=true","Notebook HP Omnibook 5 Flip 14-FP0023DX Intel Core 7 150U Pantalla Touch 2K 14.0"" / 16GB de RAM / 512GB SSD / Win11Home - Plata (Inglés)","U$ 639,00","Cód.: 53879","R$ 3.572,01","G$ 4.664.700"
"https://www.visaovip.com/produto/notebook/notebook-asus-vivobook-go-15-e1504ga-ws35-intel-core-i3-n350-pantalla-full-hd-15-6-8gb-de-ram-256gb-ssd-win11home-plata-ingles/53826","https://www.visaovip.com/imagem/notebook/notebook-asus-vivobook-go-15-e1504ga-ws35-intel-core-i3-n350-pantalla-full-hd-15-6-8gb-de-ram-256gb-ssd-win11home-plata-ingles/1/53826?pfdrid_c=true","Notebook ASUS Vivobook Go 15 E1504GA-WS35 Intel Core i3 N350 Pantalla Full HD 15.6"" / 8GB de RAM / 256GB SSD / Win11Home - Plata (Inglés)","U$ 310,00","Cód.: 53826","R$ 1.732,90","G$ 2.263.000"
"https://www.visaovip.com/produto/notebook/notebook-gamer-asus-tuf-a15-fa506nfr-hn105w-amd-ryzen-7-7435hs-pantalla-full-hd-15-6-8gb-de-ram-512gb-ssd-win11home-geforce-rtx2050-4gb-graphite-negro-ingles/53739","https://www.visaovip.com/imagem/notebook/notebook-gamer-asus-tuf-a15-fa506nfr-hn105w-amd-ryzen-7-7435hs-pantalla-full-hd-15-6-8gb-de-ram-512gb-ssd-win11home-geforce-rtx2050-4gb-graphite-negro-ingles/1/53739?pfdrid_c=true","Notebook Gamer ASUS TUF A15 FA506NFR-HN105W AMD Ryzen 7 7435HS Pantalla Full HD 15.6"" / 8GB de RAM / 512GB SSD / Win11Home / GeForce RTX2050 4GB - Graphite Negro (Inglés)","U$ 719,00","Cód.: 53739","R$ 4.019,21","G$ 5.248.700"
"https://www.visaovip.com/produto/notebook/notebook-gamer-asus-tuf-a15-fa506ncr-hn108w-amd-ryzen-7-7435hs-pantalla-full-hd-15-6-8gb-de-ram-512gb-ssd-win11home-geforce-rtx3050-4gb-graphite-negro-ingles/53737","https://www.visaovip.com/imagem/notebook/notebook-gamer-asus-tuf-a15-fa506ncr-hn108w-amd-ryzen-7-7435hs-pantalla-full-hd-15-6-8gb-de-ram-512gb-ssd-win11home-geforce-rtx3050-4gb-graphite-negro-ingles/1/53737?pfdrid_c=true","Notebook Gamer ASUS TUF A15 FA506NCR-HN108W AMD Ryzen 7 7435HS Pantalla Full HD 15.6"" / 8GB de RAM / 512GB SSD / Win11Home / GeForce RTX3050 4GB - Graphite Negro (Inglés)","U$ 735,00","Cód.: 53737","R$ 4.108,65","G$ 5.365.500"
"https://www.visaovip.com/produto/notebook/notebook-gamer-asus-tuf-f16-fx607vj-rl805w-intel-core-5-210h-pantalla-wuxga-16-0-8gb-de-ram-512gb-ssd-win11home-geforce-rtx3050-6gb-mecha-gris-ingles/53736","https://www.visaovip.com/imagem/notebook/notebook-gamer-asus-tuf-f16-fx607vj-rl805w-intel-core-5-210h-pantalla-wuxga-16-0-8gb-de-ram-512gb-ssd-win11home-geforce-rtx3050-6gb-mecha-gris-ingles/1/53736?pfdrid_c=true","Notebook Gamer ASUS TUF F16 FX607VJ-RL805W Intel Core 5 210H Pantalla WUXGA 16.0"" / 8GB de RAM / 512GB SSD / Win11Home / GeForce RTX3050 6GB - Mecha Gris (Inglés)","U$ 669,00","Cód.: 53736","R$ 3.739,71","G$ 4.883.700"
"https://www.visaovip.com/produto/notebook/notebook-gamer-acer-predator-helios-neo-16s-ai-phn16s-71-98rf-intel-core-ultra-9-275hx-pantalla-oled-16-32gb-de-ram-1tb-ssd-win11home-geforce-rtx5070ti-12gb-obsidian-negro-ingles/53734","https://www.visaovip.com/imagem/notebook/notebook-gamer-acer-predator-helios-neo-16s-ai-phn16s-71-98rf-intel-core-ultra-9-275hx-pantalla-oled-16-32gb-de-ram-1tb-ssd-win11home-geforce-rtx5070ti-12gb-obsidian-negro-ingles/1/53734?pfdrid_c=true","Notebook Gamer Acer Predator Helios Neo 16S AI PHN16S-71-98RF Intel Core Ultra 9 275HX Pantalla OLED 16"" / 32GB de RAM / 1TB SSD / Win11Home / GeForce RTX5070TI 12GB - Obsidian Negro (Inglés)","U$ 2.018,00","Cód.: 53734","R$ 11.280,62","G$ 14.731.400"
"https://www.visaovip.com/produto/notebook/notebook-gamer-lenovo-legion-5-15ahp10-amd-ryzen-7-260-pantalla-wqxga-15-1-16gb-de-ram-512gb-ssd-win11home-geforce-rtx5060-8gb-eclipse-negro-83m00001us-ingles/53733","https://www.visaovip.com/imagem/notebook/notebook-gamer-lenovo-legion-5-15ahp10-amd-ryzen-7-260-pantalla-wqxga-15-1-16gb-de-ram-512gb-ssd-win11home-geforce-rtx5060-8gb-eclipse-negro-83m00001us-ingles/1/53733?pfdrid_c=true","Notebook Gamer Lenovo Legion 5 15AHP10 AMD Ryzen 7 260 Pantalla WQXGA 15.1"" / 16GB de RAM / 512GB SSD / Win11Home / GeForce RTX5060 8GB - Eclipse Negro (83M00001US) (Inglés)","","Cód.: 53733","R$ 7.317,31","G$ 9.555.700"
"https://www.visaovip.com/produto/notebook/notebook-dell-inspiron-15-3000-3530-intel-core-i3-1305u-pantalla-full-hd-15-6-8gb-de-ram-512gb-ssd-carbon-negro-ingles/53626","https://www.visaovip.com/imagem/notebook/notebook-dell-inspiron-15-3000-3530-intel-core-i3-1305u-pantalla-full-hd-15-6-8gb-de-ram-512gb-ssd-carbon-negro-ingles/1/53626?pfdrid_c=true","Notebook Dell Inspiron 15 3000-3530 Intel Core i3 1305U Pantalla Full HD 15.6"" / 8GB de RAM / 512GB SSD - Carbon Negro (Inglés)","U$ 349,00","Cód.: 53626","R$ 1.950,91","G$ 2.547.700"
"https://www.visaovip.com/produto/notebook/notebook-dell-15-dc15255-amd-ryzen-5-7530u-pantalla-full-hd-15-6-16gb-de-ram-512gb-ssd-win11home-carbon-preto-ingles/53591","https://www.visaovip.com/imagem/notebook/notebook-dell-15-dc15255-amd-ryzen-5-7530u-pantalla-full-hd-15-6-16gb-de-ram-512gb-ssd-win11home-carbon-preto-ingles/1/53591?pfdrid_c=true","Notebook Dell 15 DC15255 AMD Ryzen 5 7530U Pantalla Full HD 15.6"" / 16GB de RAM / 512GB SSD / Win11Home - Carbon Preto (Inglés)","U$ 460,00","Cód.: 53591","R$ 2.571,40","G$ 3.358.000"
"https://www.visaovip.com/produto/notebook/notebook-gamer-lenovo-loq-15arp9-amd-ryzen-5-7235hs-pantalla-full-hd-15-6-12gb-de-ram-512gb-ssd-geforce-rtx4050-6gb-luna-gris-83jc00gkus-ingles/53585","https://www.visaovip.com/imagem/notebook/notebook-gamer-lenovo-loq-15arp9-amd-ryzen-5-7235hs-pantalla-full-hd-15-6-12gb-de-ram-512gb-ssd-geforce-rtx4050-6gb-luna-gris-83jc00gkus-ingles/1/53585?pfdrid_c=true","Notebook Gamer Lenovo LOQ 15ARP9 AMD Ryzen 5 7235HS Pantalla Full HD 15.6"" / 12GB de RAM / 512GB SSD / GeForce RTX4050 6GB - Luna Gris (83JC00GKUS) (Inglés)","U$ 685,00","Cód.: 53585","R$ 3.829,15","G$ 5.000.500"
"https://www.visaovip.com/produto/notebook/notebook-dell-15-dc15255-amd-ryzen-7-7730u-pantalla-full-hd-15-6-16gb-de-ram-1tb-ssd-win11home-negro-ingles/53563","https://www.visaovip.com/imagem/notebook/notebook-dell-15-dc15255-amd-ryzen-7-7730u-pantalla-full-hd-15-6-16gb-de-ram-1tb-ssd-win11home-negro-ingles/1/53563?pfdrid_c=true","Notebook Dell 15 DC15255 AMD Ryzen 7 7730U Pantalla Full HD 15.6"" / 16GB de RAM / 1TB SSD / Win11Home - Negro (Inglés)","U$ 510,00","Cód.: 53563","R$ 2.850,90","G$ 3.723.000"
"https://www.visaovip.com/produto/notebook/notebook-gamer-omen-max-16-ah0033dx-intel-core-ultra-9-275hx-pantalla-wqxga-16-0-32gb-de-ram-1tb-ssd-win11-geforce-rtx5080-16gb-negro-ingles/53560","https://www.visaovip.com/imagem/notebook/notebook-gamer-omen-max-16-ah0033dx-intel-core-ultra-9-275hx-pantalla-wqxga-16-0-32gb-de-ram-1tb-ssd-win11-geforce-rtx5080-16gb-negro-ingles/1/53560?pfdrid_c=true","Notebook Gamer OMEN Max 16-AH0033DX Intel Core Ultra 9 275HX Pantalla WQXGA 16.0"" / 32GB de RAM / 1TB SSD / Win11 / GeForce RTX5080 16GB - Negro (Inglés)","U$ 2.929,00","Cód.: 53560","R$ 16.373,11","G$ 21.381.700"
"https://www.visaovip.com/produto/notebook/notebook-asus-vivobook-16-f1605va-ws74-intel-core-i7-1355u-pantalla-wuxga-16-0-16gb-de-ram-512gb-ssd-win11home-indie-negro-ingles/53558","https://www.visaovip.com/imagem/notebook/notebook-asus-vivobook-16-f1605va-ws74-intel-core-i7-1355u-pantalla-wuxga-16-0-16gb-de-ram-512gb-ssd-win11home-indie-negro-ingles/1/53558?pfdrid_c=true","Notebook ASUS Vivobook 16 F1605VA-WS74 Intel Core i7 1355U Pantalla WUXGA 16.0"" / 16GB de RAM / 512GB SSD / Win11Home - Indie Negro (Inglés)","U$ 602,00","Cód.: 53558","R$ 3.365,18","G$ 4.394.600"
"https://www.visaovip.com/produto/notebook/notebook-acer-aspire-go-15-ag15-32p-39r2-intel-core-3-n355-pantalla-full-hd-15-6-8gb-de-ram-128gb-ufs-win11home-pure-plata-ingles/53526","https://www.visaovip.com/imagem/notebook/notebook-acer-aspire-go-15-ag15-32p-39r2-intel-core-3-n355-pantalla-full-hd-15-6-8gb-de-ram-128gb-ufs-win11home-pure-plata-ingles/1/53526?pfdrid_c=true","Notebook Acer Aspire Go 15 AG15-32P-39R2 Intel Core 3 N355 Pantalla Full HD 15.6"" / 8GB de RAM / 128GB UFS / Win11Home - Pure Plata (Inglés)","U$ 276,00","Cód.: 53526","R$ 1.542,84","G$ 2.014.800"
"https://www.visaovip.com/produto/notebook/notebook-gamer-msi-vector-16-hx-ai-a2xwhg-061us-intel-core-ultra-7-255hx-pantalla-qhd--16-16gb-de-ram-512gb-ssd-geforce-rtx5070ti-12gb-cosmos-gris-ingles/53516","https://www.visaovip.com/imagem/notebook/notebook-gamer-msi-vector-16-hx-ai-a2xwhg-061us-intel-core-ultra-7-255hx-pantalla-qhd--16-16gb-de-ram-512gb-ssd-geforce-rtx5070ti-12gb-cosmos-gris-ingles/1/53516?pfdrid_c=true","Notebook Gamer MSI Vector 16 HX AI A2XWHG-061US Intel Core Ultra 7 255HX Pantalla QHD+ 16"" / 16GB de RAM / 512GB SSD / GeForce RTX5070TI 12GB - Cosmos Gris (Inglés)","U$ 2.089,00","Cód.: 53516","R$ 11.677,51","G$ 15.249.700"
"https://www.visaovip.com/produto/notebook/notebook-hp-255-g10-amd-ryzen-5-7520u-pantalla-full-hd-15-6-16gb-de-ram-512gb-ssd-freedos-gris-plata-ingles/53507","https://www.visaovip.com/imagem/notebook/notebook-hp-255-g10-amd-ryzen-5-7520u-pantalla-full-hd-15-6-16gb-de-ram-512gb-ssd-freedos-gris-plata-ingles/1/53507?pfdrid_c=true","Notebook HP 255 G10 AMD Ryzen 5 7520U Pantalla Full HD 15.6"" / 16GB de RAM / 512GB SSD / FreeDOS - Gris / Plata (Inglés)","U$ 390,00","Cód.: 53507","R$ 2.180,10","G$ 2.847.000"
"https://www.visaovip.com/produto/notebook/notebook-hp-15-fd0130wm-intel-core-i3-n305-pantalla-touch-full-hd-15-6-8gb-de-ram-256gb-ssd-win11home-azul-plata-ingles/53501","https://www.visaovip.com/imagem/notebook/notebook-hp-15-fd0130wm-intel-core-i3-n305-pantalla-touch-full-hd-15-6-8gb-de-ram-256gb-ssd-win11home-azul-plata-ingles/1/53501?pfdrid_c=true","Notebook HP 15-FD0130WM Intel Core i3 N305 Pantalla Touch Full HD 15.6"" / 8GB de RAM / 256GB SSD / Win11Home - Azul / Plata (Inglés)","U$ 319,00","Cód.: 53501","R$ 1.783,21","G$ 2.328.700"
"https://www.visaovip.com/produto/notebook/notebook-gamer-asus-tuf-a16-fa608um-ns73-amd-ryzen-7-260-pantalla-wuxga-16-0-16gb-de-ram-512gb-ssd-win11home-geforce-rtx-5060-8gb-jaeger-gris-ingles/53439","https://www.visaovip.com/imagem/notebook/notebook-gamer-asus-tuf-a16-fa608um-ns73-amd-ryzen-7-260-pantalla-wuxga-16-0-16gb-de-ram-512gb-ssd-win11home-geforce-rtx-5060-8gb-jaeger-gris-ingles/1/53439?pfdrid_c=true","Notebook Gamer ASUS TUF A16 FA608UM-NS73 AMD Ryzen 7 260 Pantalla WUXGA 16.0"" / 16GB de RAM / 512GB SSD / Win11Home / GeForce RTX 5060 8GB - Jaeger Gris (Inglés)","U$ 1.435,00","Cód.: 53439","R$ 8.021,65","G$ 10.475.500"
"https://www.visaovip.com/produto/notebook/notebook-gamer-asus-tuf-a16-fa608up-a16-r95070-amd-ryzen-9-270-pantalla-wuxga-16-0-32gb-de-ram-1tb-ssd-win11home-geforce-rtx5070-8gb-jaeger-gray-ingles/53409","https://www.visaovip.com/imagem/notebook/notebook-gamer-asus-tuf-a16-fa608up-a16-r95070-amd-ryzen-9-270-pantalla-wuxga-16-0-32gb-de-ram-1tb-ssd-win11home-geforce-rtx5070-8gb-jaeger-gray-ingles/1/53409?pfdrid_c=true","Notebook Gamer ASUS TUF A16 FA608UP-A16.R95070 AMD Ryzen 9 270 Pantalla WUXGA 16.0"" / 32GB de RAM / 1TB SSD / Win11Home / GeForce RTX5070 8GB - Jaeger Gray (Inglés)","U$ 1.675,00","Cód.: 53409","R$ 9.363,25","G$ 12.227.500"
"https://www.visaovip.com/produto/notebook/notebook-hp-omnibook-x-flip-16-be0003dx-amd-ryzen-5-220-pantalla-touch-2k-16-0-8gb-de-ram-512gb-ssd-win11home-gris-ingles/53407","https://www.visaovip.com/imagem/notebook/notebook-hp-omnibook-x-flip-16-be0003dx-amd-ryzen-5-220-pantalla-touch-2k-16-0-8gb-de-ram-512gb-ssd-win11home-gris-ingles/1/53407?pfdrid_c=true","Notebook HP Omnibook X Flip 16-BE0003DX AMD Ryzen 5 220 Pantalla Touch 2K 16.0"" / 8GB de RAM / 512GB SSD / Win11Home - Gris (Inglés)","U$ 469,00","Cód.: 53407","R$ 2.621,71","G$ 3.423.700"
"https://www.visaovip.com/produto/notebook/notebook-acer-aspire-3-a325-42-amd-ryzen-7-7730u-pantalla-full-hd-15-6-16gb-de-ram-512gb-ssd-win11-plata-ingles/53398","https://www.visaovip.com/imagem/notebook/notebook-acer-aspire-3-a325-42-amd-ryzen-7-7730u-pantalla-full-hd-15-6-16gb-de-ram-512gb-ssd-win11-plata-ingles/1/53398?pfdrid_c=true","Notebook Acer Aspire 3 A325-42 AMD Ryzen 7 7730U Pantalla Full HD 15.6"" / 16GB de RAM / 512GB SSD / Win11 - Plata (Inglés)","U$ 467,00","Cód.: 53398","R$ 2.610,53","G$ 3.409.100"
"https://www.visaovip.com/produto/notebook/notebook-gamer-asus-tuf-f16-fx608jmr-f16-i75060-intel-core-i7-14650hx-pantalla-wuxga-16-0-32gb-de-ram-1tb-ssd-geforce-rtx5060-8gb-jaeger-gris-ingles/53284","https://www.visaovip.com/imagem/notebook/notebook-gamer-asus-tuf-f16-fx608jmr-f16-i75060-intel-core-i7-14650hx-pantalla-wuxga-16-0-32gb-de-ram-1tb-ssd-geforce-rtx5060-8gb-jaeger-gris-ingles/1/53284?pfdrid_c=true","Notebook Gamer ASUS TUF F16 FX608JMR-F16.I75060 Intel Core i7 14650HX Pantalla WUXGA 16.0"" / 32GB de RAM / 1TB SSD / GeForce RTX5060 8GB - Jaeger Gris (Inglés)","U$ 1.373,00","Cód.: 53284","R$ 7.675,07","G$ 10.022.900"
"https://www.visaovip.com/produto/notebook/notebook-gamer-msi-thin-15-b13ve-3023us-intel-core-i5-13420h-pantalla-full-hd-15-6-16gb-de-ram-512gb-ssd-win11home-geforce-rtx4050-6gb-cosmos-gris-ingles/53277","https://www.visaovip.com/imagem/notebook/notebook-gamer-msi-thin-15-b13ve-3023us-intel-core-i5-13420h-pantalla-full-hd-15-6-16gb-de-ram-512gb-ssd-win11home-geforce-rtx4050-6gb-cosmos-gris-ingles/1/53277?pfdrid_c=true","Notebook Gamer MSI Thin 15 B13VE-3023US Intel Core i5 13420H Pantalla Full HD 15.6"" / 16GB de RAM / 512GB SSD / Win11Home / GeForce RTX4050 6GB - Cosmos Gris (Inglés)","U$ 685,00","Cód.: 53277","R$ 3.829,15","G$ 5.000.500"
"https://www.visaovip.com/produto/notebook/notebook-dell-inspiron-15-i3530-7728blk-pus-intel-core-i7-1355u-pantalla-touch-full-hd-15-6-16gb-de-ram-1tb-ssd-carbon-preto-ingles/53273","https://www.visaovip.com/imagem/notebook/notebook-dell-inspiron-15-i3530-7728blk-pus-intel-core-i7-1355u-pantalla-touch-full-hd-15-6-16gb-de-ram-1tb-ssd-carbon-preto-ingles/1/53273?pfdrid_c=true","Notebook Dell Inspiron 15 I3530-7728BLK-PUS Intel Core i7 1355U Pantalla Touch Full HD 15.6"" / 16GB de RAM / 1TB SSD - Carbon Preto (Inglés)","U$ 728,00","Cód.: 53273","R$ 4.069,52","G$ 5.314.400"
"https://www.visaovip.com/produto/notebook/notebook-gamer-victus-15-fa2787nr-intel-core-i7-13620h-pantalla-full-hd-15-6-16gb-de-ram-512gb-ssd-geforce-rtx5060-8gb-negro-ingles/53253","https://www.visaovip.com/imagem/notebook/notebook-gamer-victus-15-fa2787nr-intel-core-i7-13620h-pantalla-full-hd-15-6-16gb-de-ram-512gb-ssd-geforce-rtx5060-8gb-negro-ingles/1/53253?pfdrid_c=true","Notebook Gamer Victus 15-FA2787NR Intel Core i7 13620H Pantalla Full HD 15.6"" / 16GB de RAM / 512GB SSD / GeForce RTX5060 8GB - Negro (Inglés)","U$ 1.127,00","Cód.: 53253","R$ 6.299,93","G$ 8.227.100"
"https://www.visaovip.com/produto/notebook/notebook-asus-vivobook-15-x1502va-nj630w-intel-core-i7-13620h-pantalla-full-hd-15-6-16gb-de-ram-512gb-ssd-win11home-quiet-azul-ingles/53174","https://www.visaovip.com/imagem/notebook/notebook-asus-vivobook-15-x1502va-nj630w-intel-core-i7-13620h-pantalla-full-hd-15-6-16gb-de-ram-512gb-ssd-win11home-quiet-azul-ingles/1/53174?pfdrid_c=true","Notebook ASUS Vivobook 15 X1502VA-NJ630W Intel Core i7 13620H Pantalla Full HD 15.6"" / 16GB de RAM / 512GB SSD / Win11Home - Quiet Azul (Inglés)","U$ 639,00","Cód.: 53174","R$ 3.572,01","G$ 4.664.700"
"https://www.visaovip.com/produto/notebook/notebook-asus-vivobook-15-x1502va-nj629w-intel-core-i5-13420h-pantalla-full-hd-15-6-8gb-de-ram-512gb-ssd-win11home-quiet-azul-ingles/53173","https://www.visaovip.com/imagem/notebook/notebook-asus-vivobook-15-x1502va-nj629w-intel-core-i5-13420h-pantalla-full-hd-15-6-8gb-de-ram-512gb-ssd-win11home-quiet-azul-ingles/1/53173?pfdrid_c=true","Notebook ASUS Vivobook 15 X1502VA-NJ629W Intel Core i5 13420H Pantalla Full HD 15.6"" / 8GB de RAM / 512GB SSD / Win11Home - Quiet Azul (Inglés)","U$ 435,00","Cód.: 53173","R$ 2.431,65","G$ 3.175.500"
"https://www.visaovip.com/produto/notebook/notebook-asus-vivobook-14-m1407ka-ps74-amd-ryzen-ai-7-350-pantalla-wuxga-14-0%2527%2527-16gb-de-ram-512gb-ssd-win11home-platinum-dorado-ingles/53170","https://www.visaovip.com/imagem/notebook/notebook-asus-vivobook-14-m1407ka-ps74-amd-ryzen-ai-7-350-pantalla-wuxga-14-0%27%27-16gb-de-ram-512gb-ssd-win11home-platinum-dorado-ingles/1/53170?pfdrid_c=true","Notebook ASUS Vivobook 14 M1407KA-PS74 AMD Ryzen AI 7 350 Pantalla WUXGA 14.0'' / 16GB de RAM / 512GB SSD / Win11Home - Platinum Dorado (Inglés)","U$ 828,00","Cód.: 53170","R$ 4.628,52","G$ 6.044.400"
"https://www.visaovip.com/produto/notebook/notebook-asus-vivobook-14-f1404vap-qb51-bl-intel-core-5-120u-pantalla-full-hd-14-8gb-de-ram-512gb-quiet-azul-ingles/53169","https://www.visaovip.com/imagem/notebook/notebook-asus-vivobook-14-f1404vap-qb51-bl-intel-core-5-120u-pantalla-full-hd-14-8gb-de-ram-512gb-quiet-azul-ingles/1/53169?pfdrid_c=true","Notebook ASUS Vivobook 14 F1404VAP-QB51-BL Intel Core 5 120U Pantalla Full HD 14"" / 8GB de RAM / 512GB - Quiet Azul (Inglés)","U$ 429,00","Cód.: 53169","R$ 2.398,11","G$ 3.131.700"
"https://www.visaovip.com/produto/notebook/notebook-gamer-rog-strix-g16-g614fm-ws94-amd-ryzen-9-9955hx-pantalla-wuxga-16-0-16gb-de-ram-1tb-ssd-win11home-geforce-rtx5060-8gb-eclipse-gris-ingles/53157","https://www.visaovip.com/imagem/notebook/notebook-gamer-rog-strix-g16-g614fm-ws94-amd-ryzen-9-9955hx-pantalla-wuxga-16-0-16gb-de-ram-1tb-ssd-win11home-geforce-rtx5060-8gb-eclipse-gris-ingles/1/53157?pfdrid_c=true","Notebook Gamer ROG Strix G16 G614FM-WS94 AMD Ryzen 9 9955HX Pantalla WUXGA 16.0"" / 16GB de RAM / 1TB SSD / Win11Home / GeForce RTX5060 8GB - Eclipse Gris (Inglés)","U$ 1.590,00","Cód.: 53157","R$ 8.888,10","G$ 11.607.000"
"https://www.visaovip.com/produto/notebook/notebook-asus-vivobook-go-14-e410ka-cl4128-intel-celeron-n4500-pantalla-full-hd-14-0-4gb-de-ram-128gb-emmc-win11-star-negro-ingles/53152","https://www.visaovip.com/imagem/notebook/notebook-asus-vivobook-go-14-e410ka-cl4128-intel-celeron-n4500-pantalla-full-hd-14-0-4gb-de-ram-128gb-emmc-win11-star-negro-ingles/1/53152?pfdrid_c=true","Notebook ASUS Vivobook Go 14 E410KA-CL4128 Intel Celeron N4500 Pantalla Full HD 14.0"" / 4GB de RAM / 128GB eMMC / Win11 - Star Negro (Inglés)","U$ 173,00","Cód.: 53152","R$ 967,07","G$ 1.262.900"
"https://www.visaovip.com/produto/notebook/notebook-dell-15-dc15250-intel-core-3-100u-pantalla-15-6-full-hd-8gb-de-ram-512gb-ssd-win11home-carbon-negro-ingles/53085","https://www.visaovip.com/imagem/notebook/notebook-dell-15-dc15250-intel-core-3-100u-pantalla-15-6-full-hd-8gb-de-ram-512gb-ssd-win11home-carbon-negro-ingles/1/53085?pfdrid_c=true","Notebook Dell 15 DC15250 Intel Core 3 100U Pantalla 15.6 Full HD / 8GB de RAM / 512GB SSD / Win11Home - Carbon Negro (Inglés)","U$ 325,00","Cód.: 53085","R$ 1.816,75","G$ 2.372.500"
"https://www.visaovip.com/produto/notebook/notebook-acer-aspire-3-a325-53-intel-core-i3-1305u-pantalla-full-hd-15-6-8gb-de-ram-512gb-ssd-win11-plata-ingles/52962","https://www.visaovip.com/imagem/notebook/notebook-acer-aspire-3-a325-53-intel-core-i3-1305u-pantalla-full-hd-15-6-8gb-de-ram-512gb-ssd-win11-plata-ingles/1/52962?pfdrid_c=true","Notebook Acer Aspire 3 A325-53 Intel Core i3 1305U Pantalla Full HD 15.6"" / 8GB de RAM / 512GB SSD / Win11 - Plata (Inglés)","U$ 353,00","Cód.: 52962","R$ 1.973,27","G$ 2.576.900"
"https://www.visaovip.com/produto/notebook/notebook-lenovo-ideapad-1-15iru7-intel-core-i5-1334u-pantalla-touch-full-hd-15-6-16gb-de-ram-512gb-ssd-win11home-abyss-azul-ingles/52946","https://www.visaovip.com/imagem/notebook/notebook-lenovo-ideapad-1-15iru7-intel-core-i5-1334u-pantalla-touch-full-hd-15-6-16gb-de-ram-512gb-ssd-win11home-abyss-azul-ingles/1/52946?pfdrid_c=true","Notebook Lenovo IdeaPad 1 15IRU7 Intel Core i5 1334U Pantalla Touch Full HD 15.6"" / 16GB de RAM / 512GB SSD / Win11Home - Abyss Azul (Inglés)","U$ 475,00","Cód.: 52946","R$ 2.655,25","G$ 3.467.500"
"https://www.visaovip.com/produto/notebook/notebook-dell-inspiron-15-i3535-a735blk-pus-amd-ryzen-7-7730u-pantalla-touch-full-hd-15-6-16gb-de-ram-1tb-ssd-win11home-carbon-negro-ingles/52943","https://www.visaovip.com/imagem/notebook/notebook-dell-inspiron-15-i3535-a735blk-pus-amd-ryzen-7-7730u-pantalla-touch-full-hd-15-6-16gb-de-ram-1tb-ssd-win11home-carbon-negro-ingles/1/52943?pfdrid_c=true","Notebook Dell Inspiron 15 I3535-A735BLK-PUS AMD Ryzen 7 7730U Pantalla Touch Full HD 15.6"" / 16GB de RAM / 1TB SSD / Win11Home - Carbon Negro (Inglés)","U$ 630,00","Cód.: 52943","R$ 3.521,70","G$ 4.599.000"
"https://www.visaovip.com/produto/notebook/notebook-gamer-msi-katana-15-hx-b14wgk-016us-intel-core-i9-14900hx-pantalla-qhd-15-6-32gb-de-ram-1tb-ssd-win11home-geforce-rtx5070-8gb-negro-ingles/52932","https://www.visaovip.com/imagem/notebook/notebook-gamer-msi-katana-15-hx-b14wgk-016us-intel-core-i9-14900hx-pantalla-qhd-15-6-32gb-de-ram-1tb-ssd-win11home-geforce-rtx5070-8gb-negro-ingles/1/52932?pfdrid_c=true","Notebook Gamer MSI Katana 15 HX B14WGK-016US Intel Core i9 14900HX Pantalla QHD 15.6"" / 32GB de RAM / 1TB SSD / Win11Home / GeForce RTX5070 8GB - Negro (Inglés)","U$ 1.760,00","Cód.: 52932","R$ 9.838,40","G$ 12.848.000"
"https://www.visaovip.com/produto/notebook/notebook-lenovo-ideapad-slim-3-15ian8-intel-core-i3-n305-pantalla-fhd-15-6-8gb-de-ram-128gb-ufs-win11home-artic-gris-82xb00c2us-ingles/52912","https://www.visaovip.com/imagem/notebook/notebook-lenovo-ideapad-slim-3-15ian8-intel-core-i3-n305-pantalla-fhd-15-6-8gb-de-ram-128gb-ufs-win11home-artic-gris-82xb00c2us-ingles/1/52912?pfdrid_c=true","Notebook Lenovo IdeaPad Slim 3 15IAN8 Intel Core i3 N305 Pantalla FHD 15.6"" / 8GB de RAM / 128GB UFS / Win11Home - Artic Gris (82XB00C2US) (Inglés)","U$ 267,00","Cód.: 52912","R$ 1.492,53","G$ 1.949.100"
"https://www.visaovip.com/produto/notebook/notebook-dell-inspiron-14-i5440-5463blk-pus-intel-core-i5-1334u-pantalla-fhd--14-8gb-de-ram-512gb-ssd-win11home-carbon-negro-ingles/52911","https://www.visaovip.com/imagem/notebook/notebook-dell-inspiron-14-i5440-5463blk-pus-intel-core-i5-1334u-pantalla-fhd--14-8gb-de-ram-512gb-ssd-win11home-carbon-negro-ingles/1/52911?pfdrid_c=true","Notebook Dell Inspiron 14 I5440-5463BLK-PUS Intel Core i5 1334U Pantalla FHD+ 14"" / 8GB de RAM / 512GB SSD / Win11Home - Carbon Negro (Inglés)","U$ 391,00","Cód.: 52911","R$ 2.185,69","G$ 2.854.300"
"https://www.visaovip.com/produto/notebook/notebook-acer-aspire-3-a325-42-amd-ryzen-3-7330u-pantalla-full-hd-15-6-8gb-de-ram-512gb-ssd-freedos-plata-ingles/52878","https://www.visaovip.com/imagem/notebook/notebook-acer-aspire-3-a325-42-amd-ryzen-3-7330u-pantalla-full-hd-15-6-8gb-de-ram-512gb-ssd-freedos-plata-ingles/1/52878?pfdrid_c=true","Notebook Acer Aspire 3 A325-42 AMD Ryzen 3 7330U Pantalla Full HD 15.6"" / 8GB de RAM / 512GB SSD / FreeDOS - Plata (Inglés)","U$ 326,00","Cód.: 52878","R$ 1.822,34","G$ 2.379.800"
"https://www.visaovip.com/produto/notebook/notebook-acer-aspire-3-a325-53-intel-core-i5-1334u-pantalla-full-hd-15-6-16gb-de-ram-512gb-ssd-plata-ingles/52877","https://www.visaovip.com/imagem/notebook/notebook-acer-aspire-3-a325-53-intel-core-i5-1334u-pantalla-full-hd-15-6-16gb-de-ram-512gb-ssd-plata-ingles/1/52877?pfdrid_c=true","Notebook Acer Aspire 3 A325-53 Intel Core i5 1334U Pantalla Full HD 15.6"" / 16GB de RAM / 512GB SSD - Plata (Inglés)","U$ 465,00","Cód.: 52877","R$ 2.599,35","G$ 3.394.500"
"https://www.visaovip.com/produto/notebook/notebook-dell-16-plus-ldb06250-7144blu-pus-intel-core-ultra-7-256v-pantalla-touch-fhd--16-16gb-de-ram-1tb-ssd-win11home-ice-blue-ingles/52840","https://www.visaovip.com/imagem/notebook/notebook-dell-16-plus-ldb06250-7144blu-pus-intel-core-ultra-7-256v-pantalla-touch-fhd--16-16gb-de-ram-1tb-ssd-win11home-ice-blue-ingles/1/52840?pfdrid_c=true","Notebook Dell 16 Plus LDB06250-7144BLU-PUS Intel Core Ultra 7 256V Pantalla Touch FHD+ 16"" / 16GB de RAM / 1TB SSD / Win11Home - Ice Blue (Inglés)","U$ 885,00","Cód.: 52840","R$ 4.947,15","G$ 6.460.500"
"https://www.visaovip.com/produto/notebook/notebook-dell-14-plus-ldb04255-a369blu-pus-amd-ryzen-ai-7-350-pantalla-touch-fhd--14-16gb-de-ram-1tb-ssd-win11home-midnight-azul-ingles/52839","https://www.visaovip.com/imagem/notebook/notebook-dell-14-plus-ldb04255-a369blu-pus-amd-ryzen-ai-7-350-pantalla-touch-fhd--14-16gb-de-ram-1tb-ssd-win11home-midnight-azul-ingles/1/52839?pfdrid_c=true","Notebook Dell 14 Plus LDB04255-A369BLU-PUS AMD Ryzen AI 7 350 Pantalla Touch FHD+ 14"" / 16GB de RAM / 1TB SSD / Win11Home - Midnight Azul (Inglés)","U$ 817,00","Cód.: 52839","R$ 4.567,03","G$ 5.964.100"
"https://www.visaovip.com/produto/notebook/notebook-gamer-alienware-16-aurora-ac16250-intel-core-ultra-9-270h-pantalla-qhd-16-0-16gb-de-ram-1tb-ssd-geforce-rtx5060-8gb-azul-ingles/52783","https://www.visaovip.com/imagem/notebook/notebook-gamer-alienware-16-aurora-ac16250-intel-core-ultra-9-270h-pantalla-qhd-16-0-16gb-de-ram-1tb-ssd-geforce-rtx5060-8gb-azul-ingles/1/52783?pfdrid_c=true","Notebook Gamer Alienware 16 Aurora AC16250 Intel Core Ultra 9 270H Pantalla QHD 16.0"" / 16GB de RAM / 1TB SSD / GeForce RTX5060 8GB - Azul (Inglés)","","Cód.: 52783","R$ 10.447,71","G$ 13.643.700"
"https://www.visaovip.com/produto/notebook/notebook-lenovo-v15-g3-iap-intel-core-i7-1255u-pantalla-fhd-15-6-16gb-de-ram-512gb-ssd-iron-gris-82tta08ain-ingles/52688","https://www.visaovip.com/imagem/notebook/notebook-lenovo-v15-g3-iap-intel-core-i7-1255u-pantalla-fhd-15-6-16gb-de-ram-512gb-ssd-iron-gris-82tta08ain-ingles/1/52688?pfdrid_c=true","Notebook Lenovo V15 G3 IAP Intel Core i7 1255U Pantalla FHD 15.6"" / 16GB de RAM / 512GB SSD - Iron Gris (82TTA08AIN) (Inglés)","U$ 580,00","Cód.: 52688","R$ 3.242,20","G$ 4.234.000"
"https://www.visaovip.com/produto/notebook/notebook-acer-aspire-14-ai-a14-52mt-59dp-intel-core-ultra-5-226v-pantalla-touch-wuxga-14-16gb-de-ram-1tb-ssd-steel-gris-ingles/52665","https://www.visaovip.com/imagem/notebook/notebook-acer-aspire-14-ai-a14-52mt-59dp-intel-core-ultra-5-226v-pantalla-touch-wuxga-14-16gb-de-ram-1tb-ssd-steel-gris-ingles/1/52665?pfdrid_c=true","Notebook Acer Aspire 14 AI A14-52MT-59DP Intel Core Ultra 5 226V Pantalla Touch WUXGA 14"" / 16GB de RAM / 1TB SSD - Steel Gris (Inglés)","U$ 630,00","Cód.: 52665","R$ 3.521,70","G$ 4.599.000"
"https://www.visaovip.com/produto/notebook/notebook-asus-vivobook-14-x1404va-i38128-intel-core-i3-1315u-pantalla-fhd-14-0-8gb-de-ram-128gb-ssd-win11home-quiet-azul-ingles/52635","https://www.visaovip.com/imagem/notebook/notebook-asus-vivobook-14-x1404va-i38128-intel-core-i3-1315u-pantalla-fhd-14-0-8gb-de-ram-128gb-ssd-win11home-quiet-azul-ingles/1/52635?pfdrid_c=true","Notebook ASUS VivoBook 14 X1404VA-I38128 Intel Core i3 1315U Pantalla FHD 14.0"" / 8GB de RAM / 128GB SSD / Win11Home - Quiet Azul (Inglés)","U$ 260,00","Cód.: 52635","R$ 1.453,40","G$ 1.898.000"
"https://www.visaovip.com/produto/notebook/notebook-dell-latitude-3500-intel-celeron-4205u-pantalla-hd-15-6-8gb-de-ram-500gb-ssd-win10-negro-portugues/52512","https://www.visaovip.com/imagem/notebook/notebook-dell-latitude-3500-intel-celeron-4205u-pantalla-hd-15-6-8gb-de-ram-500gb-ssd-win10-negro-portugues/1/52512?pfdrid_c=true","Notebook Dell Latitude 3500 Intel Celeron 4205U Pantalla HD 15.6"" / 8GB de RAM / 500GB SSD / Win10 - Negro (Portugués)","U$ 245,00","Cód.: 52512","R$ 1.369,55","G$ 1.788.500"
"https://www.visaovip.com/produto/notebook/notebook-acer-aspire-3-a325-45-intel-celeron-n4500-pantalla-fhd-15-6-8gb-de-ram-256gb-ssd-freedos-plata-ingles/52484","https://www.visaovip.com/imagem/notebook/notebook-acer-aspire-3-a325-45-intel-celeron-n4500-pantalla-fhd-15-6-8gb-de-ram-256gb-ssd-freedos-plata-ingles/1/52484?pfdrid_c=true","Notebook Acer Aspire 3 A325-45 Intel Celeron N4500 Pantalla FHD 15.6"" / 8GB de RAM / 256GB SSD / FreeDOS - Plata (Inglés)","U$ 250,00","Cód.: 52484","R$ 1.397,50","G$ 1.825.000"
"https://www.visaovip.com/produto/notebook/notebook-gamer-hp-victus-15-fb3093dx-amd-ryzen-7-7445hs-tela-fhd-15-6-16gb-de-ram-512gb-ssd-win11home-geforce-rtx4050-6gb-negro-ingles/52478","https://www.visaovip.com/imagem/notebook/notebook-gamer-hp-victus-15-fb3093dx-amd-ryzen-7-7445hs-tela-fhd-15-6-16gb-de-ram-512gb-ssd-win11home-geforce-rtx4050-6gb-negro-ingles/1/52478?pfdrid_c=true","Notebook Gamer HP Victus 15-FB3093DX AMD Ryzen 7 7445HS Tela FHD 15.6"" / 16GB de RAM / 512GB SSD / Win11Home / GeForce RTX4050 6GB - Negro (Inglés)","U$ 753,00","Cód.: 52478","R$ 4.209,27","G$ 5.496.900"
"https://www.visaovip.com/produto/notebook/notebook-gamer-hp-omen-16-ap0053dx-amd-ryzen-9-8940hx-pantalla-2k-16-32gb-de-ram-1tb-ssd-win11home-geforce-rtx5060-8gb-negro-ingles/52476","https://www.visaovip.com/imagem/notebook/notebook-gamer-hp-omen-16-ap0053dx-amd-ryzen-9-8940hx-pantalla-2k-16-32gb-de-ram-1tb-ssd-win11home-geforce-rtx5060-8gb-negro-ingles/1/52476?pfdrid_c=true","Notebook Gamer HP OMEN 16-AP0053DX AMD Ryzen 9 8940HX Pantalla 2K 16"" / 32GB de RAM / 1TB SSD / Win11Home / GeForce RTX5060 8GB - Negro (Inglés)","U$ 1.459,00","Cód.: 52476","R$ 8.155,81","G$ 10.650.700"
"https://www.visaovip.com/produto/notebook/notebook-hp-omnibook-x-flip-16-ar0013dx-amd-ryzen-ai-5-340-pantalla-touch-2k-16-0-16gb-de-ram-512gb-ssd-win11home-gris-ingles/52475","https://www.visaovip.com/imagem/notebook/notebook-hp-omnibook-x-flip-16-ar0013dx-amd-ryzen-ai-5-340-pantalla-touch-2k-16-0-16gb-de-ram-512gb-ssd-win11home-gris-ingles/1/52475?pfdrid_c=true","Notebook HP Omnibook X Flip 16-AR0013DX AMD Ryzen AI 5 340 Pantalla Touch 2K 16.0"" / 16GB de RAM / 512GB SSD / Win11Home - Gris (Inglés)","U$ 655,00","Cód.: 52475","R$ 3.661,45","G$ 4.781.500"
"https://www.visaovip.com/produto/notebook/notebook-acer-aspire-14-ai-a14-52m-72fh-intel-core-ultra-7-256v-pantalla-wuxga-14-16gb-de-ram-1tb-ssd-win11home-steel-gris-ingles/52404","https://www.visaovip.com/imagem/notebook/notebook-acer-aspire-14-ai-a14-52m-72fh-intel-core-ultra-7-256v-pantalla-wuxga-14-16gb-de-ram-1tb-ssd-win11home-steel-gris-ingles/1/52404?pfdrid_c=true","Notebook Acer Aspire 14 AI A14-52M-72FH Intel Core Ultra 7 256V Pantalla WUXGA 14"" / 16GB de RAM / 1TB SSD / Win11Home - Steel Gris (Inglés)","U$ 819,00","Cód.: 52404","R$ 4.578,21","G$ 5.978.700"
"https://www.visaovip.com/produto/notebook/notebook-lenovo-ideapad-1-15amn7-amd-ryzen-5-7520u-pantalla-touch-fhd-15-6-8gb-de-ram-256gb-ssd-win11home-abyss-azul-82vg00tyus-ingles/52383","https://www.visaovip.com/imagem/notebook/notebook-lenovo-ideapad-1-15amn7-amd-ryzen-5-7520u-pantalla-touch-fhd-15-6-8gb-de-ram-256gb-ssd-win11home-abyss-azul-82vg00tyus-ingles/1/52383?pfdrid_c=true","Notebook Lenovo IdeaPad 1 15AMN7 AMD Ryzen 5 7520U Pantalla Touch FHD 15.6"" / 8GB de RAM / 256GB SSD / Win11Home - Abyss Azul (82VG00TYUS) (Inglés)","U$ 348,00","Cód.: 52383","R$ 1.945,32","G$ 2.540.400"
"https://www.visaovip.com/produto/notebook/notebook-gamer-rog-strix-g16-g614pr-g16-r95070ti-amd-ryzen-9-8940hx-pantalla-wuxga-16-16gb-de-ram-1tb-ssd-win11home-geforce-rtx5070ti-12gb-eclipse-gris-ingles/52368","https://www.visaovip.com/imagem/notebook/notebook-gamer-rog-strix-g16-g614pr-g16-r95070ti-amd-ryzen-9-8940hx-pantalla-wuxga-16-16gb-de-ram-1tb-ssd-win11home-geforce-rtx5070ti-12gb-eclipse-gris-ingles/1/52368?pfdrid_c=true","Notebook Gamer ROG Strix G16 G614PR-G16.R95070TI AMD Ryzen 9 8940HX Pantalla WUXGA 16"" / 16GB de RAM / 1TB SSD / Win11Home / GeForce RTX5070TI 12GB - Eclipse Gris (Inglés)","U$ 1.865,00","Cód.: 52368","R$ 10.425,35","G$ 13.614.500"
"https://www.visaovip.com/produto/notebook/notebook-acer-aspire-go-15-ag15-71pt-72ga-intel-core-i7-13620h-pantalla-touch-fhd-15-6-16gb-de-ram-512gb-ssd-pure-plata-ingles/52367","https://www.visaovip.com/imagem/notebook/notebook-acer-aspire-go-15-ag15-71pt-72ga-intel-core-i7-13620h-pantalla-touch-fhd-15-6-16gb-de-ram-512gb-ssd-pure-plata-ingles/1/52367?pfdrid_c=true","Notebook Acer Aspire Go 15 AG15-71PT-72GA Intel Core i7 13620H Pantalla Touch FHD 15.6"" / 16GB de RAM / 512GB SSD - Pure Plata (Inglés)","U$ 635,00","Cód.: 52367","R$ 3.549,65","G$ 4.635.500"
"https://www.visaovip.com/produto/notebook/notebook-gamer-hp-victus-15-fa2013dx-intel-core-i5-13420h-pantalla-fhd-15-6-8gb-de-ram-512gb-ssd-win11home-geforce-rtx3050-6gb-negro-ingles/52366","https://www.visaovip.com/imagem/notebook/notebook-gamer-hp-victus-15-fa2013dx-intel-core-i5-13420h-pantalla-fhd-15-6-8gb-de-ram-512gb-ssd-win11home-geforce-rtx3050-6gb-negro-ingles/1/52366?pfdrid_c=true","Notebook Gamer HP Victus 15-FA2013DX Intel Core i5 13420H Pantalla FHD 15.6"" / 8GB de RAM / 512GB SSD / Win11Home / GeForce RTX3050 6GB - Negro (Inglés)","U$ 585,00","Cód.: 52366","R$ 3.270,15","G$ 4.270.500"
"https://www.visaovip.com/produto/notebook/notebook-dell-inspiron-16-plus-ldb06250-5175blu-pus-intel-core-ultra-5-226v-pantalla-touch-fhd--16-0-16gb-de-ram-512gb-ssd-win11home-ice-azul-ingles/52361","https://www.visaovip.com/imagem/notebook/notebook-dell-inspiron-16-plus-ldb06250-5175blu-pus-intel-core-ultra-5-226v-pantalla-touch-fhd--16-0-16gb-de-ram-512gb-ssd-win11home-ice-azul-ingles/1/52361?pfdrid_c=true","Notebook Dell Inspiron 16 Plus LDB06250-5175BLU-PUS Intel Core Ultra 5 226V Pantalla Touch FHD+ 16.0"" / 16GB de RAM / 512GB SSD / Win11Home - Ice Azul (Inglés)","U$ 750,00","Cód.: 52361","R$ 4.192,50","G$ 5.475.000"
"https://www.visaovip.com/produto/notebook/notebook-samsung-galaxy-book-4-np750xgk-ls2us-intel-core-7-150u-pantalla-fhd-15-6-16gb-de-ram-512gb-ssd-win11home-plata-ingles/52256","https://www.visaovip.com/imagem/notebook/notebook-samsung-galaxy-book-4-np750xgk-ls2us-intel-core-7-150u-pantalla-fhd-15-6-16gb-de-ram-512gb-ssd-win11home-plata-ingles/1/52256?pfdrid_c=true","Notebook Samsung Galaxy Book 4 NP750XGK-LS2US Intel Core 7 150U Pantalla FHD 15.6"" / 16GB de RAM / 512GB SSD / Win11Home - Plata (Inglés)","U$ 649,00","Cód.: 52256","R$ 3.627,91","G$ 4.737.700"
"https://www.visaovip.com/produto/notebook/notebook-asus-zenbook-s16-um5606wa-s16-r3651tb-amd-ryzen-ai-9-365-pantalla-touch-oled-wq--16-0-24gb-de-ram-1tb-ssd-scandinavian-blanco-ingles/52255","https://www.visaovip.com/imagem/notebook/notebook-asus-zenbook-s16-um5606wa-s16-r3651tb-amd-ryzen-ai-9-365-pantalla-touch-oled-wq--16-0-24gb-de-ram-1tb-ssd-scandinavian-blanco-ingles/1/52255?pfdrid_c=true","Notebook ASUS Zenbook S16 UM5606WA-S16.R3651TB AMD Ryzen AI 9 365 Pantalla Touch OLED WQ+ 16.0"" / 24GB de RAM / 1TB SSD - Scandinavian Blanco (Inglés)","U$ 1.275,00","Cód.: 52255","R$ 7.127,25","G$ 9.307.500"
"https://www.visaovip.com/produto/notebook/notebook-hp-17-cp2025dx-amd-ryzen-5-7520u-pantalla-fhd-17-3-8gb-de-ram-512gb-ssd-plata-ingles/52237","https://www.visaovip.com/imagem/notebook/notebook-hp-17-cp2025dx-amd-ryzen-5-7520u-pantalla-fhd-17-3-8gb-de-ram-512gb-ssd-plata-ingles/1/52237?pfdrid_c=true","Notebook HP 17-CP2025DX AMD Ryzen 5 7520U Pantalla FHD 17.3"" / 8GB de RAM / 512GB SSD - Plata (Inglés)","U$ 390,00","Cód.: 52237","R$ 2.180,10","G$ 2.847.000"
"https://www.visaovip.com/produto/notebook/notebook-hp-15-fc0047wm-amd-ryzen-7-7730u-pantalla-touch-fhd-15-6-16gb-de-ram-512gb-ssd-win11home-plata-ingles/52236","https://www.visaovip.com/imagem/notebook/notebook-hp-15-fc0047wm-amd-ryzen-7-7730u-pantalla-touch-fhd-15-6-16gb-de-ram-512gb-ssd-win11home-plata-ingles/1/52236?pfdrid_c=true","Notebook HP 15-FC0047WM AMD Ryzen 7 7730U Pantalla Touch FHD 15.6"" / 16GB de RAM / 512GB SSD / Win11Home - Plata (Inglés)","","Cód.: 52236","R$ 2.593,76","G$ 3.387.200"
"https://www.visaovip.com/produto/notebook/notebook-hp-15-fd0127dx-intel-core-i7-1355u-pantalla-touch-fhd-15-6-16gb-de-ram-512gb-ssd-win11home-plata-ingles/52226","https://www.visaovip.com/imagem/notebook/notebook-hp-15-fd0127dx-intel-core-i7-1355u-pantalla-touch-fhd-15-6-16gb-de-ram-512gb-ssd-win11home-plata-ingles/1/52226?pfdrid_c=true","Notebook HP 15-FD0127DX Intel Core i7 1355U Pantalla Touch FHD 15.6"" / 16GB de RAM / 512GB SSD / Win11Home - Plata (Inglés)","U$ 603,00","Cód.: 52226","R$ 3.370,77","G$ 4.401.900"
"https://www.visaovip.com/produto/notebook/notebook-asus-vivobook-15-f1504va-sb76t-intel-core-i7-1355u-pantalla-fhd-15-6-16gb-de-ram-512gb-ssd-win11home-cool-silver-ingles/52148","https://www.visaovip.com/imagem/notebook/notebook-asus-vivobook-15-f1504va-sb76t-intel-core-i7-1355u-pantalla-fhd-15-6-16gb-de-ram-512gb-ssd-win11home-cool-silver-ingles/1/52148?pfdrid_c=true","Notebook ASUS Vivobook 15 F1504VA-SB76T Intel Core i7 1355U Pantalla FHD 15.6"" / 16GB de RAM / 512GB SSD / Win11Home - Cool Silver (Inglés)","U$ 595,00","Cód.: 52148","R$ 3.326,05","G$ 4.343.500"
"https://www.visaovip.com/produto/notebook/notebook-asus-vivobook-14-x1404va-i512256-intel-core-i5-1334u-pantalla-fhd-14-0-12gb-de-ram-256gb-ssd-win11home-quiet-azul-ingles/52087","https://www.visaovip.com/imagem/notebook/notebook-asus-vivobook-14-x1404va-i512256-intel-core-i5-1334u-pantalla-fhd-14-0-12gb-de-ram-256gb-ssd-win11home-quiet-azul-ingles/1/52087?pfdrid_c=true","Notebook ASUS Vivobook 14 X1404VA-I512256 Intel Core i5 1334U Pantalla FHD 14.0"" / 12GB de RAM / 256GB SSD / Win11Home - Quiet Azul (Inglés)","U$ 353,00","Cód.: 52087","R$ 1.973,27","G$ 2.576.900"
"https://www.visaovip.com/produto/notebook/notebook-acer-aspire-15-a15-51m-93b6-intel-core-i9-13900h-pantalla-fhd-15-6-16gb-de-ram-512gb-ssd-win11home-steel-cinza-ingles/52080","https://www.visaovip.com/imagem/notebook/notebook-acer-aspire-15-a15-51m-93b6-intel-core-i9-13900h-pantalla-fhd-15-6-16gb-de-ram-512gb-ssd-win11home-steel-cinza-ingles/1/52080?pfdrid_c=true","Notebook Acer Aspire 15 A15-51M-93B6 Intel Core i9 13900H Pantalla FHD 15.6"" / 16GB de RAM / 512GB SSD / Win11Home - Steel Cinza (Inglés)","U$ 815,00","Cód.: 52080","R$ 4.555,85","G$ 5.949.500"
"https://www.visaovip.com/produto/notebook/notebook-lenovo-ideapad-slim-3-15abr8-amd-ryzen-7-5825u-pantalla-touch-fhd-15-6-16gb-de-ram-512gb-ssd-win11home-artic-gris-82xm00lmus-ingles/51965","https://www.visaovip.com/imagem/notebook/notebook-lenovo-ideapad-slim-3-15abr8-amd-ryzen-7-5825u-pantalla-touch-fhd-15-6-16gb-de-ram-512gb-ssd-win11home-artic-gris-82xm00lmus-ingles/1/51965?pfdrid_c=true","Notebook Lenovo IdeaPad Slim 3 15ABR8 AMD Ryzen 7 5825U Pantalla Touch FHD 15.6"" / 16GB de RAM / 512GB SSD / Win11Home - Artic Gris (82XM00LMUS) (Inglés)","U$ 485,00","Cód.: 51965","R$ 2.711,15","G$ 3.540.500"
"https://www.visaovip.com/produto/notebook/notebook-hp-15-fd0123dx-intel-core-i3-1315u-pantalla-touch-hd-15-6-8gb-de-ram-256gb-ssd-win11home-plata-ingles/51938","https://www.visaovip.com/imagem/notebook/notebook-hp-15-fd0123dx-intel-core-i3-1315u-pantalla-touch-hd-15-6-8gb-de-ram-256gb-ssd-win11home-plata-ingles/1/51938?pfdrid_c=true","Notebook HP 15-FD0123DX Intel Core i3 1315U Pantalla Touch HD 15.6"" / 8GB de RAM / 256GB SSD / Win11Home - Plata (Inglés)","U$ 325,00","Cód.: 51938","R$ 1.816,75","G$ 2.372.500"
"https://www.visaovip.com/produto/notebook/notebook-dell-inspiron-15-i3530-5623blk-pus-intel-core-i5-1334u-pantalla-touch-fhd-15-6-8gb-de-ram-512gb-ssd-win11home-carbon-negro-ingles/51937","https://www.visaovip.com/imagem/notebook/notebook-dell-inspiron-15-i3530-5623blk-pus-intel-core-i5-1334u-pantalla-touch-fhd-15-6-8gb-de-ram-512gb-ssd-win11home-carbon-negro-ingles/1/51937?pfdrid_c=true","Notebook Dell Inspiron 15 I3530-5623BLK-PUS Intel Core i5 1334U Pantalla Touch FHD 15.6"" / 8GB de RAM / 512GB SSD / Win11Home - Carbon Negro (Inglés)","U$ 411,00","Cód.: 51937","R$ 2.297,49","G$ 3.000.300"
"https://www.visaovip.com/produto/notebook/notebook-hp-14-dq3000dx-intel-celeron-n4500-pantalla-hd-14-0-4gb-de-ram-64gb-emmc-branco-ingles/51936","https://www.visaovip.com/imagem/notebook/notebook-hp-14-dq3000dx-intel-celeron-n4500-pantalla-hd-14-0-4gb-de-ram-64gb-emmc-branco-ingles/1/51936?pfdrid_c=true","Notebook HP 14-DQ3000DX Intel Celeron N4500 Pantalla HD 14.0"" / 4GB de RAM / 64GB eMMC - Branco (Inglés)","U$ 169,00","Cód.: 51936","R$ 944,71","G$ 1.233.700"
"https://www.visaovip.com/produto/notebook/notebook-hp-omnibook-x-flip-16-ar0033dx-amd-ryzen-ai-7-350-pantalla-touch-2k-16-0-24gb-de-ram-1tb-ssd-cinza-ingles/51827","https://www.visaovip.com/imagem/notebook/notebook-hp-omnibook-x-flip-16-ar0033dx-amd-ryzen-ai-7-350-pantalla-touch-2k-16-0-24gb-de-ram-1tb-ssd-cinza-ingles/1/51827?pfdrid_c=true","Notebook HP Omnibook X Flip 16-AR0033DX AMD Ryzen AI 7 350 Pantalla Touch 2K 16.0"" / 24GB de RAM / 1TB SSD - Cinza (Inglés)","U$ 899,00","Cód.: 51827","R$ 5.025,41","G$ 6.562.700"
"https://www.visaovip.com/produto/notebook/notebook-lenovo-v15-g4-iru-intel-core-i5-13420h-pantalla-full-hd-15-6-16gb-de-ram-512gb-ssd-business-negro-83a100psus-ingles/51817","https://www.visaovip.com/imagem/notebook/notebook-lenovo-v15-g4-iru-intel-core-i5-13420h-pantalla-full-hd-15-6-16gb-de-ram-512gb-ssd-business-negro-83a100psus-ingles/1/51817?pfdrid_c=true","Notebook Lenovo V15 G4 IRU Intel Core i5 13420H Pantalla Full HD 15.6"" / 16GB de RAM / 512GB SSD - Business Negro (83A100PSUS) (Inglés)","U$ 479,00","Cód.: 51817","R$ 2.677,61","G$ 3.496.700"
"https://www.visaovip.com/produto/notebook/notebook-hp-14-dq6012dx-intel-celeron-n150-pantalla-hd-14-0-4gb-de-ram-128gb-ufs-win11home-azul-ingles/51816","https://www.visaovip.com/imagem/notebook/notebook-hp-14-dq6012dx-intel-celeron-n150-pantalla-hd-14-0-4gb-de-ram-128gb-ufs-win11home-azul-ingles/1/51816?pfdrid_c=true","Notebook HP 14-DQ6012DX Intel Celeron N150 Pantalla HD 14.0"" / 4GB de RAM / 128GB UFS / Win11Home - Azul (Inglés)","U$ 195,00","Cód.: 51816","R$ 1.090,05","G$ 1.423.500"
"https://www.visaovip.com/produto/notebook/notebook-acer-aspire-go-15-ag15-51p-510u-intel-core-i5-1334u-pantalla-wuxga-15-6-8gb-de-ram-256gb-ssd-win11home-steel-gris-ingles/51518","https://www.visaovip.com/imagem/notebook/notebook-acer-aspire-go-15-ag15-51p-510u-intel-core-i5-1334u-pantalla-wuxga-15-6-8gb-de-ram-256gb-ssd-win11home-steel-gris-ingles/1/51518?pfdrid_c=true","Notebook Acer Aspire GO 15 AG15-51P-510U Intel Core i5 1334U Pantalla WUXGA 15.6"" / 8GB de RAM / 256GB SSD / Win11Home - Steel Gris (Inglés)","U$ 353,00","Cód.: 51518","R$ 1.973,27","G$ 2.576.900"
"https://www.visaovip.com/produto/notebook/notebook-hp-pavilion-16-ag0070wm-amd-ryzen-7-8840u-pantalla-wuxga-16-0-8gb-de-ram-512gb-ssd-gris-ingles/51366","https://www.visaovip.com/imagem/notebook/notebook-hp-pavilion-16-ag0070wm-amd-ryzen-7-8840u-pantalla-wuxga-16-0-8gb-de-ram-512gb-ssd-gris-ingles/1/51366?pfdrid_c=true","Notebook HP Pavilion 16-AG0070WM AMD Ryzen 7 8840U Pantalla WUXGA 16.0"" / 8GB de RAM / 512GB SSD - Gris (Inglés)","U$ 472,00","Cód.: 51366","R$ 2.638,48","G$ 3.445.600"
"https://www.visaovip.com/produto/notebook/notebook-asus-e510-e510ka-ej562w-intel-celeron-n4500-pantalla-full-hd-15-6-4gb-de-ram-128gb-emmc-win11home-star-negro-ingles/51315","https://www.visaovip.com/imagem/notebook/notebook-asus-e510-e510ka-ej562w-intel-celeron-n4500-pantalla-full-hd-15-6-4gb-de-ram-128gb-emmc-win11home-star-negro-ingles/1/51315?pfdrid_c=true","Notebook ASUS E510 E510KA-EJ562W Intel Celeron N4500 Pantalla Full HD 15.6"" / 4GB de RAM / 128GB eMMC / Win11Home - Star Negro (Inglés)","U$ 202,00","Cód.: 51315","R$ 1.129,18","G$ 1.474.600"
"https://www.visaovip.com/produto/notebook/notebook-asus-e510-e510ka-ej562w-intel-celeron-n4500-pantalla-full-hd-15-6-4gb-de-ram-128gb-emmc-win11home-star-negro-espanol/51314","https://www.visaovip.com/imagem/notebook/notebook-asus-e510-e510ka-ej562w-intel-celeron-n4500-pantalla-full-hd-15-6-4gb-de-ram-128gb-emmc-win11home-star-negro-espanol/1/51314?pfdrid_c=true","Notebook ASUS E510 E510KA-EJ562W Intel Celeron N4500 Pantalla Full HD 15.6"" / 4GB de RAM / 128GB eMMC / Win11Home - Star Negro (Español)","U$ 202,00","Cód.: 51314","R$ 1.129,18","G$ 1.474.600"
"https://www.visaovip.com/produto/notebook/notebook-asus-vivobook-go-e1504ga-wb31-intel-core-i3-n305-pantalla-full-hd-15-6-8gb-de-ram-128gb-ssd-win11home-mixed-negro-ingles/51113","https://www.visaovip.com/imagem/notebook/notebook-asus-vivobook-go-e1504ga-wb31-intel-core-i3-n305-pantalla-full-hd-15-6-8gb-de-ram-128gb-ssd-win11home-mixed-negro-ingles/1/51113?pfdrid_c=true","Notebook ASUS Vivobook GO E1504GA-WB31 Intel Core i3 N305 Pantalla Full HD 15.6"" / 8GB de RAM / 128GB SSD / Win11Home - Mixed Negro (Inglés)","U$ 255,00","Cód.: 51113","R$ 1.425,45","G$ 1.861.500"
"https://www.visaovip.com/produto/notebook/notebook-asus-vivobook-s15-oled-s5506ma-ws76-intel-core-ultra-7-155h-pantalla-oled-3k-15-6-16gb-de-ram-1tb-ssd-mist-azul-ingles/50821","https://www.visaovip.com/imagem/notebook/notebook-asus-vivobook-s15-oled-s5506ma-ws76-intel-core-ultra-7-155h-pantalla-oled-3k-15-6-16gb-de-ram-1tb-ssd-mist-azul-ingles/1/50821?pfdrid_c=true","Notebook ASUS Vivobook S15 OLED S5506MA-WS76 Intel Core Ultra 7 155H Pantalla OLED 3K 15.6"" / 16GB de RAM / 1TB SSD - Mist Azul (Inglés)","U$ 779,00","Cód.: 50821","R$ 4.354,61","G$ 5.686.700"
"https://www.visaovip.com/produto/notebook/notebook-lenovo-yoga-slim-7-14q8x9-snapdragon-x-elite-pantalla-touch-oled-3k-14-5-16gb-de-ram-512gb-ssd-cosmic-azul-83ed0001us-ingles/50257","https://www.visaovip.com/imagem/notebook/notebook-lenovo-yoga-slim-7-14q8x9-snapdragon-x-elite-pantalla-touch-oled-3k-14-5-16gb-de-ram-512gb-ssd-cosmic-azul-83ed0001us-ingles/1/50257?pfdrid_c=true","Notebook Lenovo Yoga Slim 7 14Q8X9 Snapdragon X Elite Pantalla Touch OLED 3K 14.5"" / 16GB de RAM / 512GB SSD - Cosmic Azul (83ED0001US) (Inglés)","U$ 930,00","Cód.: 50257","R$ 5.198,70","G$ 6.789.000"
"https://www.visaovip.com/produto/notebook/notebook-acer-swift-14-ai-sf14-11t-x3rz-snapdragon-x-elite-pantalla-touch-wqxga-14-5-16gb-de-ram-1tb-ssd-steel-gris/50244","https://www.visaovip.com/imagem/notebook/notebook-acer-swift-14-ai-sf14-11t-x3rz-snapdragon-x-elite-pantalla-touch-wqxga-14-5-16gb-de-ram-1tb-ssd-steel-gris/1/50244?pfdrid_c=true","Notebook Acer Swift 14 AI SF14-11T-X3RZ Snapdragon X Elite Pantalla Touch WQXGA 14.5"" / 16GB de RAM / 1TB SSD - Steel Gris","","Cód.: 50244","R$ 3.790,02","G$ 4.949.400"
"https://www.visaovip.com/produto/notebook/notebook-lenovo-ideapad-3-chrome-15ijl6-intel-celeron-n4500-pantalla-full-hd-15-6-4gb-de-ram-64gb-emmc-chromeos-artic-gris-ingles/50063","https://www.visaovip.com/imagem/notebook/notebook-lenovo-ideapad-3-chrome-15ijl6-intel-celeron-n4500-pantalla-full-hd-15-6-4gb-de-ram-64gb-emmc-chromeos-artic-gris-ingles/1/50063?pfdrid_c=true","Notebook Lenovo IdeaPad 3 Chrome 15IJL6 Intel Celeron N4500 Pantalla Full HD 15.6"" / 4GB de RAM / 64GB eMMC / ChromeOS - Artic Gris (Inglés)","U$ 148,00","Cód.: 50063","R$ 827,32","G$ 1.080.400"
"https://www.visaovip.com/produto/notebook/notebook-samsung-galaxy-book-4-edge-np750xqa-kb2us-snapdragon-x-plus-pantalla-full-hd-15-6-16gb-de-ram-512gb-eufs-sapphire-azul-ingles/49754","https://www.visaovip.com/imagem/notebook/notebook-samsung-galaxy-book-4-edge-np750xqa-kb2us-snapdragon-x-plus-pantalla-full-hd-15-6-16gb-de-ram-512gb-eufs-sapphire-azul-ingles/1/49754?pfdrid_c=true","Notebook Samsung Galaxy Book 4 Edge NP750XQA-KB2US Snapdragon X Plus Pantalla Full HD 15.6"" / 16GB de RAM / 512GB eUFS - Sapphire Azul (Inglés)","U$ 760,00","Cód.: 49754","R$ 4.248,40","G$ 5.548.000"
"https://www.visaovip.com/produto/notebook/notebook-hp-255-g10-amd-ryzen-7-7730u-pantalla-full-hd-15-6-16gb-de-ram-512gb-ssd-freedos-gris-ingles/49548","https://www.visaovip.com/imagem/notebook/notebook-hp-255-g10-amd-ryzen-7-7730u-pantalla-full-hd-15-6-16gb-de-ram-512gb-ssd-freedos-gris-ingles/1/49548?pfdrid_c=true","Notebook HP 255 G10 AMD Ryzen 7 7730U Pantalla Full HD 15.6"" / 16GB de RAM / 512GB SSD / FreeDOS - Gris (Inglés)","U$ 448,00","Cód.: 49548","R$ 2.504,32","G$ 3.270.400"
"https://www.visaovip.com/produto/notebook/notebook-hp-15-fd0095wm-intel-core-i5-1235u-pantalla-full-hd-15-6-8gb-de-ram-256gb-ssd-win11home-plata-ingles/49358","https://www.visaovip.com/imagem/notebook/notebook-hp-15-fd0095wm-intel-core-i5-1235u-pantalla-full-hd-15-6-8gb-de-ram-256gb-ssd-win11home-plata-ingles/1/49358?pfdrid_c=true","Notebook HP 15-FD0095WM Intel Core i5 1235U Pantalla Full HD 15.6"" / 8GB de RAM / 256GB SSD / Win11Home - Plata (Inglés)","U$ 407,00","Cód.: 49358","R$ 2.275,13","G$ 2.971.100"
"https://www.visaovip.com/produto/notebook/notebook-asus-l510ka-es04-intel-celeron-n4500-pantalla-full-hd-15-6-4gb-de-ram-128gb-emmc-star-negro-ingles/48802","https://www.visaovip.com/imagem/notebook/notebook-asus-l510ka-es04-intel-celeron-n4500-pantalla-full-hd-15-6-4gb-de-ram-128gb-emmc-star-negro-ingles/1/48802?pfdrid_c=true","Notebook ASUS L510KA-ES04 Intel Celeron N4500 Pantalla Full HD 15.6"" / 4GB de RAM / 128GB eMMC - Star Negro (Inglés)","U$ 207,00","Cód.: 48802","R$ 1.157,13","G$ 1.511.100"
"https://www.visaovip.com/produto/notebook/notebook-asus-vivobook-go-e1404fa-th31-amd-ryzen-3-7320u-pantalla-full-hd-14-0-4gb-de-ram-128gb-ssd-win11home-mixed-negro-ingles/48612","https://www.visaovip.com/imagem/notebook/notebook-asus-vivobook-go-e1404fa-th31-amd-ryzen-3-7320u-pantalla-full-hd-14-0-4gb-de-ram-128gb-ssd-win11home-mixed-negro-ingles/1/48612?pfdrid_c=true","Notebook ASUS Vivobook GO E1404FA-TH31 AMD Ryzen 3 7320U Pantalla Full HD 14.0"" / 4GB de RAM / 128GB SSD / Win11Home - Mixed Negro (Inglés)","","Cód.: 48612","R$ 1.252,16","G$ 1.635.200"
"https://www.visaovip.com/produto/notebook/notebook-hp-15-fd1447nr-intel-core-ultra-7-155h-pantalla-touch-full-hd-15-6-16gb-de-ram-512gb-ssd-plata-ingles/48270","https://www.visaovip.com/imagem/notebook/notebook-hp-15-fd1447nr-intel-core-ultra-7-155h-pantalla-touch-full-hd-15-6-16gb-de-ram-512gb-ssd-plata-ingles/1/48270?pfdrid_c=true","Notebook HP 15-FD1447NR Intel Core Ultra 7 155H Pantalla Touch Full HD 15.6"" / 16GB de RAM / 512GB SSD - Plata (Inglés)","U$ 730,00","Cód.: 48270","R$ 4.080,70","G$ 5.329.000"
"https://www.visaovip.com/produto/notebook/notebook-lenovo-ideapad-slim-5-16iru9-intel-core-7-150u-pantalla-touch-wuxga-16-0-16gb-de-ram-1tb-ssd-abyss-azul-83fw0001us-ingles/47909","https://www.visaovip.com/imagem/notebook/notebook-lenovo-ideapad-slim-5-16iru9-intel-core-7-150u-pantalla-touch-wuxga-16-0-16gb-de-ram-1tb-ssd-abyss-azul-83fw0001us-ingles/1/47909?pfdrid_c=true","Notebook Lenovo IdeaPad Slim 5 16IRU9 Intel Core 7 150U Pantalla Touch WUXGA 16.0"" / 16GB de RAM / 1TB SSD - Abyss Azul (83FW0001US) (Inglés)","U$ 790,00","Cód.: 47909","R$ 4.416,10","G$ 5.767.000"
"https://www.visaovip.com/produto/notebook/notebook-dell-inspiron-16-i5640-7519blu-pus-intel-core-7-150u-pantalla-touch-full-hd--16-0-16gb-de-ram-1tb-ssd-win11home-ice-azul-ingles/47906","https://www.visaovip.com/imagem/notebook/notebook-dell-inspiron-16-i5640-7519blu-pus-intel-core-7-150u-pantalla-touch-full-hd--16-0-16gb-de-ram-1tb-ssd-win11home-ice-azul-ingles/1/47906?pfdrid_c=true","Notebook Dell Inspiron 16 I5640-7519BLU-PUS Intel Core 7 150U Pantalla Touch Full HD+ 16.0"" / 16GB de RAM / 1TB SSD / Win11Home - Ice Azul (Inglés)","U$ 749,00","Cód.: 47906","R$ 4.186,91","G$ 5.467.700"
"https://www.visaovip.com/produto/notebook/notebook-asus-vivobook-16x-f1605va-ab74-intel-core-i7-1355u-pantalla-wuxga-16-0-16gb-de-ram-1tb-ssd-indie-negro-ingles/47723","https://www.visaovip.com/imagem/notebook/notebook-asus-vivobook-16x-f1605va-ab74-intel-core-i7-1355u-pantalla-wuxga-16-0-16gb-de-ram-1tb-ssd-indie-negro-ingles/1/47723?pfdrid_c=true","Notebook ASUS Vivobook 16X F1605VA-AB74 Intel Core i7 1355U Pantalla WUXGA 16.0"" / 16GB de RAM / 1TB SSD - Indie Negro (Inglés)","U$ 616,00","Cód.: 47723","R$ 3.443,44","G$ 4.496.800"
"https://www.visaovip.com/produto/notebook/notebook-asus-vivobook-go-e1504ga-nj034w-intel-core-i3-n305-pantalla-full-hd-15-6-8gb-de-ram-256gb-ssd-mixed-negro-espanol/47669","https://www.visaovip.com/imagem/notebook/notebook-asus-vivobook-go-e1504ga-nj034w-intel-core-i3-n305-pantalla-full-hd-15-6-8gb-de-ram-256gb-ssd-mixed-negro-espanol/1/47669?pfdrid_c=true","Notebook ASUS Vivobook GO E1504GA-NJ034W Intel Core i3 N305 Pantalla Full HD 15.6"" / 8GB de RAM / 256GB SSD - Mixed Negro (Español)","","Cód.: 47669","R$ 1.727,31","G$ 2.255.700"
"https://www.visaovip.com/produto/notebook/notebook-hp-15-fd0213nr-intel-core-i3-n305-pantalla-touch-hd-15-6-8gb-de-ram-256gb-ssd-plata-ingles/47455","https://www.visaovip.com/imagem/notebook/notebook-hp-15-fd0213nr-intel-core-i3-n305-pantalla-touch-hd-15-6-8gb-de-ram-256gb-ssd-plata-ingles/1/47455?pfdrid_c=true","Notebook HP 15-FD0213NR Intel Core i3 N305 Pantalla Touch HD 15.6"" / 8GB de RAM / 256GB SSD - Plata (Inglés)","U$ 347,00","Cód.: 47455","R$ 1.939,73","G$ 2.533.100"
"https://www.visaovip.com/produto/notebook/notebook-dell-inspiron-15-i3535-a813blk-pus-amd-ryzen-7-7730u-pantalla-touch-full-hd-15-6-16gb-de-ram-512gb-ssd-win11home-carbon-negro-ingles/47447","https://www.visaovip.com/imagem/notebook/notebook-dell-inspiron-15-i3535-a813blk-pus-amd-ryzen-7-7730u-pantalla-touch-full-hd-15-6-16gb-de-ram-512gb-ssd-win11home-carbon-negro-ingles/1/47447?pfdrid_c=true","Notebook Dell Inspiron 15 I3535-A813BLK-PUS AMD Ryzen 7 7730U Pantalla Touch Full HD 15.6"" / 16GB de RAM / 512GB SSD / Win11Home - Carbon Negro (Inglés)","U$ 484,00","Cód.: 47447","R$ 2.705,56","G$ 3.533.200"
"https://www.visaovip.com/produto/notebook/notebook-gamer-hp-victus-15-fb2063dx-amd-ryzen-5-7535hs-pantalla-full-hd-15-6-8gb-de-ram-512gb-ssd-win11home-radeon-rx6550m-4gb-negro-ingles/47235","https://www.visaovip.com/imagem/notebook/notebook-gamer-hp-victus-15-fb2063dx-amd-ryzen-5-7535hs-pantalla-full-hd-15-6-8gb-de-ram-512gb-ssd-win11home-radeon-rx6550m-4gb-negro-ingles/1/47235?pfdrid_c=true","Notebook Gamer HP Victus 15-FB2063DX AMD Ryzen 5 7535HS Pantalla Full HD 15.6"" / 8GB de RAM / 512GB SSD / Win11Home / Radeon RX6550M 4GB - Negro (Inglés)","U$ 579,00","Cód.: 47235","R$ 3.236,61","G$ 4.226.700"
"https://www.visaovip.com/produto/notebook/notebook-asus-vivobook-go-e1504fa-as54-amd-ryzen-5-7520u-pantalla-full-hd-15-6-8gb-de-ram-512gb-ssd-win11home-cool-plata-ingles/47230","https://www.visaovip.com/imagem/notebook/notebook-asus-vivobook-go-e1504fa-as54-amd-ryzen-5-7520u-pantalla-full-hd-15-6-8gb-de-ram-512gb-ssd-win11home-cool-plata-ingles/1/47230?pfdrid_c=true","Notebook ASUS Vivobook GO E1504FA-AS54 AMD Ryzen 5 7520U Pantalla Full HD 15.6"" / 8GB de RAM / 512GB SSD / Win11Home - Cool Plata (Inglés)","U$ 397,00","Cód.: 47230","R$ 2.219,23","G$ 2.898.100"
"https://www.visaovip.com/produto/notebook/notebook-gamer-msi-katana-a15-ai-b8vf-437us-amd-ryzen-7-8845hs-pantalla-full-hd-15-6-16gb-de-ram-1tb-ssd-geforce-rtx4060-8gb-negro-ingles/46092","https://www.visaovip.com/imagem/notebook/notebook-gamer-msi-katana-a15-ai-b8vf-437us-amd-ryzen-7-8845hs-pantalla-full-hd-15-6-16gb-de-ram-1tb-ssd-geforce-rtx4060-8gb-negro-ingles/1/46092?pfdrid_c=true","Notebook Gamer MSI Katana A15 AI B8VF-437US AMD Ryzen 7 8845HS Pantalla Full HD 15.6"" / 16GB de RAM / 1TB SSD / GeForce RTX4060 8GB - Negro (Inglés)","U$ 1.175,00","Cód.: 46092","R$ 6.568,25","G$ 8.577.500"
"https://www.visaovip.com/produto/notebook/notebook-asus-vivobook-x1504za-nj041w-intel-core-i5-1235u-pantalla-full-hd-15-6-8gb-de-ram-512gb-ssd-win11home-quiet-azul-ingles/46008","https://www.visaovip.com/imagem/notebook/notebook-asus-vivobook-x1504za-nj041w-intel-core-i5-1235u-pantalla-full-hd-15-6-8gb-de-ram-512gb-ssd-win11home-quiet-azul-ingles/1/46008?pfdrid_c=true","Notebook ASUS Vivobook X1504ZA-NJ041W Intel Core i5 1235U Pantalla Full HD 15.6"" / 8GB de RAM / 512GB SSD / Win11Home - Quiet Azul (Inglés)","U$ 399,00","Cód.: 46008","R$ 2.230,41","G$ 2.912.700"
"https://www.visaovip.com/produto/notebook/notebook-lenovo-ideapad-1-15amn7-amd-ryzen-5-7520u-pantalla-touch-full-hd-15-6-8gb-de-ram-256gb-ssd-abyss-azul-82vg00myus-ingles/45949","https://www.visaovip.com/imagem/notebook/notebook-lenovo-ideapad-1-15amn7-amd-ryzen-5-7520u-pantalla-touch-full-hd-15-6-8gb-de-ram-256gb-ssd-abyss-azul-82vg00myus-ingles/1/45949?pfdrid_c=true","Notebook Lenovo IdeaPad 1 15AMN7 AMD Ryzen 5 7520U Pantalla Touch Full HD 15.6"" / 8GB de RAM / 256GB SSD - Abyss Azul (82VG00MYUS) (Inglés)","U$ 348,00","Cód.: 45949","R$ 1.945,32","G$ 2.540.400"
"https://www.visaovip.com/produto/notebook/notebook-lenovo-yoga-7-16iml9-intel-core-ultra-7-155u-pantalla-touch-wuxga-16-0-16gb-de-ram-1tb-ssd-storm-gris-83dl0002us-ingles/45855","https://www.visaovip.com/imagem/notebook/notebook-lenovo-yoga-7-16iml9-intel-core-ultra-7-155u-pantalla-touch-wuxga-16-0-16gb-de-ram-1tb-ssd-storm-gris-83dl0002us-ingles/1/45855?pfdrid_c=true","Notebook Lenovo Yoga 7 16IML9 Intel Core Ultra 7 155U Pantalla Touch WUXGA 16.0"" / 16GB de RAM / 1TB SSD - Storm Gris (83DL0002US) (Inglés)","U$ 744,00","Cód.: 45855","R$ 4.158,96","G$ 5.431.200"
"https://www.visaovip.com/produto/notebook/notebook-dell-inspiron-15-3000-3535-amd-ryzen-5-7520u-pantalla-full-hd-15-6-8gb-de-ram-512gb-ssd-win11home-carbon-negro-ingles/45837","https://www.visaovip.com/imagem/notebook/notebook-dell-inspiron-15-3000-3535-amd-ryzen-5-7520u-pantalla-full-hd-15-6-8gb-de-ram-512gb-ssd-win11home-carbon-negro-ingles/1/45837?pfdrid_c=true","Notebook Dell Inspiron 15 3000-3535 AMD Ryzen 5 7520U Pantalla Full HD 15.6"" / 8GB de RAM / 512GB SSD / Win11Home - Carbon Negro (Inglés)","U$ 369,00","Cód.: 45837","R$ 2.062,71","G$ 2.693.700"
"https://www.visaovip.com/produto/notebook/notebook-gamer-msi-thin-15-b13uc-1000us-intel-core-i5-13420h-pantalla-full-hd-15-6-16gb-de-ram-512gb-ssd-win11home-geforce-rtx3050-4gb-cosmos-gris-ingles/44887","https://www.visaovip.com/imagem/notebook/notebook-gamer-msi-thin-15-b13uc-1000us-intel-core-i5-13420h-pantalla-full-hd-15-6-16gb-de-ram-512gb-ssd-win11home-geforce-rtx3050-4gb-cosmos-gris-ingles/1/44887?pfdrid_c=true","Notebook Gamer MSI THIN 15 B13UC-1000US Intel Core i5 13420H Pantalla Full HD 15.6"" / 16GB de RAM / 512GB SSD / Win11Home / GeForce RTX3050 4GB - Cosmos Gris (Inglés)","U$ 614,00","Cód.: 44887","R$ 3.432,26","G$ 4.482.200"
"https://www.visaovip.com/produto/notebook/notebook-dell-inspiron-15-3000-3520-intel-core-i5-1235u-pantalla-full-hd-15-6-8gb-de-ram-512gb-ssd-win11home-carbon-negro-ingles/44785","https://www.visaovip.com/imagem/notebook/notebook-dell-inspiron-15-3000-3520-intel-core-i5-1235u-pantalla-full-hd-15-6-8gb-de-ram-512gb-ssd-win11home-carbon-negro-ingles/1/44785?pfdrid_c=true","Notebook Dell Inspiron 15 3000-3520 Intel Core i5 1235U Pantalla Full HD 15.6"" / 8GB de RAM / 512GB SSD / Win11Home - Carbon Negro (Inglés)","U$ 409,00","Cód.: 44785","R$ 2.286,31","G$ 2.985.700"
"https://www.visaovip.com/produto/notebook/notebook-gamer-msi-thin-gf63-12ve-437us-intel-core-i5-12450h-pantalla-full-hd-15-6-8gb-de-ram-512gb-ssd-win11home-geforce-rtx4050-6gb-negro-ingles/41725","https://www.visaovip.com/imagem/notebook/notebook-gamer-msi-thin-gf63-12ve-437us-intel-core-i5-12450h-pantalla-full-hd-15-6-8gb-de-ram-512gb-ssd-win11home-geforce-rtx4050-6gb-negro-ingles/1/41725?pfdrid_c=true","Notebook Gamer MSI THIN GF63 12VE-437US Intel Core i5 12450H Pantalla Full HD 15.6"" / 8GB de RAM / 512GB SSD / Win11Home / GeForce RTX4050 6GB - Negro (Inglés)","U$ 668,00","Cód.: 41725","R$ 3.734,12","G$ 4.876.400"
"https://www.visaovip.com/produto/notebook/nb-lenovo-ideapad-3-15iau7-i3-1215u-1-2ghz-8gb-512gb-ssd-15-6-fhd-w11-ingles-arctic-cinza-82rk01aeus/54709","https://www.visaovip.com/imagem/notebook/nb-lenovo-ideapad-3-15iau7-i3-1215u-1-2ghz-8gb-512gb-ssd-15-6-fhd-w11-ingles-arctic-cinza-82rk01aeus/1/54709?pfdrid_c=true","NB LENOVO IDEAPAD 3 15IAU7 I3-1215U 1.2GHz/8GB/512GB SSD/15.6""FHD/W11/INGLES ARCTIC CINZA 82RK01AEUS","U$ 339,00","Cód.: 54709","R$ 1.895,01","G$ 2.474.700"
"https://www.visaovip.com/produto/notebook/notebook-gamer-lenovo-loq-15irx10-intel-core-i7-13650hx-pantalla-full-hd-15-6-16gb-de-ram-1tb-ssd-win11home-geforce-rtx5050-8gb-luna-gris-83je000wus-ingles/54700","https://www.visaovip.com/imagem/notebook/notebook-gamer-lenovo-loq-15irx10-intel-core-i7-13650hx-pantalla-full-hd-15-6-16gb-de-ram-1tb-ssd-win11home-geforce-rtx5050-8gb-luna-gris-83je000wus-ingles/1/54700?pfdrid_c=true","Notebook Gamer Lenovo LOQ 15IRX10 Intel Core i7 13650HX Pantalla Full HD 15.6"" / 16GB de RAM / 1TB SSD / Win11Home / GeForce RTX5050 8GB - Luna Gris (83JE000WUS) (Inglés)","U$ 1.099,00","Cód.: 54700","R$ 6.143,41","G$ 8.022.700"
"https://www.visaovip.com/produto/notebook/notebook-gamer-asus-tuf-a16-amd-ryzen-7-7445hs-pantalla-wuxga-16-0-16gb-de-ram-512gb-ssd-win11home-geforce-rtx4050-6gb-mecha-gris-ingles/54698","https://www.visaovip.com/imagem/notebook/notebook-gamer-asus-tuf-a16-amd-ryzen-7-7445hs-pantalla-wuxga-16-0-16gb-de-ram-512gb-ssd-win11home-geforce-rtx4050-6gb-mecha-gris-ingles/1/54698?pfdrid_c=true","Notebook Gamer ASUS TUF A16 AMD Ryzen 7 7445HS Pantalla WUXGA 16.0"" / 16GB de RAM / 512GB SSD / Win11Home / GeForce RTX4050 6GB - Mecha Gris (Inglés)","U$ 769,00","Cód.: 54698","R$ 4.298,71","G$ 5.613.700"
"https://www.visaovip.com/produto/notebook/notebook-gamer-hp-victus-15-fa2082wm-intel-core-i5-13420h-pantalla-full-hd-15-6-16gb-de-ram-512gb-ssd-geforce-rtx4050-6gb-negro-ingles/54697","https://www.visaovip.com/imagem/notebook/notebook-gamer-hp-victus-15-fa2082wm-intel-core-i5-13420h-pantalla-full-hd-15-6-16gb-de-ram-512gb-ssd-geforce-rtx4050-6gb-negro-ingles/1/54697?pfdrid_c=true","Notebook Gamer HP Victus 15-FA2082WM Intel Core i5 13420H Pantalla Full HD 15.6"" / 16GB de RAM / 512GB SSD / GeForce RTX4050 6GB - Negro (Inglés)","U$ 720,00","Cód.: 54697","R$ 4.024,80","G$ 5.256.000"
"https://www.visaovip.com/produto/notebook/notebook-gamer-acer-nitro-v-16-ai-anv16-42-r96p-amd-ryzen-7-260-pantalla-wuxga-16-16gb-de-ram-512gb-ssd-win11home-geforce-rtx5050-8gb-shale-negro-ingles/54696","https://www.visaovip.com/imagem/notebook/notebook-gamer-acer-nitro-v-16-ai-anv16-42-r96p-amd-ryzen-7-260-pantalla-wuxga-16-16gb-de-ram-512gb-ssd-win11home-geforce-rtx5050-8gb-shale-negro-ingles/1/54696?pfdrid_c=true","Notebook Gamer Acer Nitro V 16 AI ANV16-42-R96P AMD Ryzen 7 260 Pantalla WUXGA 16"" / 16GB de RAM / 512GB SSD / Win11Home / GeForce RTX5050 8GB - Shale Negro (Inglés)","U$ 969,00","Cód.: 54696","R$ 5.416,71","G$ 7.073.700"
"https://www.visaovip.com/produto/notebook/nb-hp-15-fc0146dx-amd-ryzen-5-7520u-2-8ghz-8gb-512gb-ssd-15-6%2527%2527fhd-ips-touch-w11-ingles-prata-c0cl9ua%2523aba/54695","https://www.visaovip.com/imagem/notebook/nb-hp-15-fc0146dx-amd-ryzen-5-7520u-2-8ghz-8gb-512gb-ssd-15-6%27%27fhd-ips-touch-w11-ingles-prata-c0cl9ua%23aba/1/54695?pfdrid_c=true","NB HP 15-FC0146DX AMD RYZEN 5 7520U 2.8GHZ/8GB/512GB SSD/15.6''FHD IPS/TOUCH/W11/INGLES PRATA C0CL9UA#ABA","U$ 410,00","Cód.: 54695","R$ 2.291,90","G$ 2.993.000"
"https://www.visaovip.com/produto/notebook/notebook-asus-vivobook-15-f1504va-is79t-intel-core-i7-1355u-pantalla-full-hd-15-6-16gb-de-ram-1tb-ssd-win11home-cool-plata-ingles/54694","https://www.visaovip.com/imagem/notebook/notebook-asus-vivobook-15-f1504va-is79t-intel-core-i7-1355u-pantalla-full-hd-15-6-16gb-de-ram-1tb-ssd-win11home-cool-plata-ingles/1/54694?pfdrid_c=true","Notebook ASUS Vivobook 15 F1504VA-IS79T Intel Core i7 1355U Pantalla Full HD 15.6"" / 16GB de RAM / 1TB SSD / Win11Home - Cool Plata (Inglés)","U$ 609,00","Cód.: 54694","R$ 3.404,31","G$ 4.445.700"
"https://www.visaovip.com/produto/notebook/notebook-lenovo-v15-g4-abp-amd-ryzen-7-7730u-pantalla-full-hd-15-6-16gb-de-ram-1tb-ssd-gris-83cra021in-ingles/54670","https://www.visaovip.com/imagem/notebook/notebook-lenovo-v15-g4-abp-amd-ryzen-7-7730u-pantalla-full-hd-15-6-16gb-de-ram-1tb-ssd-gris-83cra021in-ingles/1/54670?pfdrid_c=true","Notebook Lenovo V15 G4 ABP AMD Ryzen 7 7730U Pantalla Full HD 15.6"" / 16GB de RAM / 1TB SSD - Gris (83CRA021IN) (Inglés)","U$ 497,00","Cód.: 54670","R$ 2.778,23","G$ 3.628.100"
"https://www.visaovip.com/produto/notebook/notebook-lenovo-v15-g4-amn-amd-ryzen-5-7520u-pantalla-full-hd-15-6-8gb-de-ram-512gb-ssd-gris-83cqa008in-ingles/54669","https://www.visaovip.com/imagem/notebook/notebook-lenovo-v15-g4-amn-amd-ryzen-5-7520u-pantalla-full-hd-15-6-8gb-de-ram-512gb-ssd-gris-83cqa008in-ingles/1/54669?pfdrid_c=true","Notebook Lenovo V15 G4 AMN AMD Ryzen 5 7520U Pantalla Full HD 15.6"" / 8GB de RAM / 512GB SSD - Gris (83CQA008IN) (Inglés)","U$ 365,00","Cód.: 54669","R$ 2.040,35","G$ 2.664.500"
"https://www.visaovip.com/produto/notebook/nb-hp-15-fc0039nq-amd-ryzen-7-5825u-2-0ghz-16gb-512gb-ssd-15-6%2527%2527fhd-w11-ingles-cinza-bk2p8ea%2523ake/54668","https://www.visaovip.com/imagem/notebook/nb-hp-15-fc0039nq-amd-ryzen-7-5825u-2-0ghz-16gb-512gb-ssd-15-6%27%27fhd-w11-ingles-cinza-bk2p8ea%23ake/1/54668?pfdrid_c=true","NB HP 15-FC0039NQ AMD RYZEN 7 5825U 2.0GHz/16GB/512GB SSD/15.6''FHD/W11/INGLES CINZA BK2P8EA#AKE","U$ 449,00","Cód.: 54668","R$ 2.509,91","G$ 3.277.700"
"https://www.visaovip.com/produto/notebook/notebook-gamer-gigabyte-aero-x16-1wh93usc64ah-amd-ryzen-ai-7-350-pantalla-qhd--16-32gb-de-ram-1tb-ssd-win11home-geforce-rtx5070-8gb-gris-ingles/54667","https://www.visaovip.com/imagem/notebook/notebook-gamer-gigabyte-aero-x16-1wh93usc64ah-amd-ryzen-ai-7-350-pantalla-qhd--16-32gb-de-ram-1tb-ssd-win11home-geforce-rtx5070-8gb-gris-ingles/1/54667?pfdrid_c=true","Notebook Gamer Gigabyte Aero X16 1WH93USC64AH AMD Ryzen AI 7 350 Pantalla QHD+ 16"" / 32GB de RAM / 1TB SSD / Win11Home / GeForce RTX5070 8GB - Gris (Inglés)","U$ 1.490,00","Cód.: 54667","R$ 8.329,10","G$ 10.877.000"
"https://www.visaovip.com/produto/notebook/notebook-dell-inspiron-14-i5441-sx10041gry-pus-snapdragon-x-plus-pantalla-full-hd--14-16gb-de-ram-1tb-ssd-win11home-titan-gris-ingles/54666","https://www.visaovip.com/imagem/notebook/notebook-dell-inspiron-14-i5441-sx10041gry-pus-snapdragon-x-plus-pantalla-full-hd--14-16gb-de-ram-1tb-ssd-win11home-titan-gris-ingles/1/54666?pfdrid_c=true","Notebook Dell Inspiron 14 I5441-SX10041GRY-PUS Snapdragon X Plus Pantalla Full HD+ 14"" / 16GB de RAM / 1TB SSD / Win11Home - Titan Gris (Inglés)","U$ 578,00","Cód.: 54666","R$ 3.231,02","G$ 4.219.400"
"https://www.visaovip.com/produto/notebook/notebook-gamer-asus-tuf-f16-fx608jhr-rv002w-intel-core-i7-14650hx-pantalla-wuxga-16-0-16gb-de-ram-512gb-ssd-win11home-geforce-rtx5050-8gb-jaeger-gris-ingles/54617","https://www.visaovip.com/imagem/notebook/notebook-gamer-asus-tuf-f16-fx608jhr-rv002w-intel-core-i7-14650hx-pantalla-wuxga-16-0-16gb-de-ram-512gb-ssd-win11home-geforce-rtx5050-8gb-jaeger-gris-ingles/1/54617?pfdrid_c=true","Notebook Gamer ASUS TUF F16 FX608JHR-RV002W Intel Core i7 14650HX Pantalla WUXGA 16.0"" / 16GB de RAM / 512GB SSD / Win11Home / GeForce RTX5050 8GB - Jaeger Gris (Inglés)","U$ 1.349,00","Cód.: 54617","R$ 7.540,91","G$ 9.847.700"
"https://www.visaovip.com/produto/notebook/notebook-gamer-rog-strix-g18-g815lp-is96-intel-core-ultra-9-275hx-pantalla-wqxga-18-0-32gb-de-ram-1tb-ssd-win11home-geforce-rtx5070-8gb-eclipse-gris-ingles/54603","https://www.visaovip.com/imagem/notebook/notebook-gamer-rog-strix-g18-g815lp-is96-intel-core-ultra-9-275hx-pantalla-wqxga-18-0-32gb-de-ram-1tb-ssd-win11home-geforce-rtx5070-8gb-eclipse-gris-ingles/1/54603?pfdrid_c=true","Notebook Gamer ROG Strix G18 G815LP-IS96 Intel Core Ultra 9 275HX Pantalla WQXGA 18.0"" / 32GB de RAM / 1TB SSD / Win11Home / GeForce RTX5070 8GB - Eclipse Gris (Inglés)","U$ 2.529,00","Cód.: 54603","R$ 14.137,11","G$ 18.461.700"
"https://www.visaovip.com/produto/notebook/notebook-dell-inspiron-15-i3530-5623blk-pus-intel-core-i5-1334u-pantalla-touch-full-hd-15-6-16gb-de-ram-512gb-ssd-win11home-carbon-negro-ingles/54566","https://www.visaovip.com/imagem/notebook/notebook-dell-inspiron-15-i3530-5623blk-pus-intel-core-i5-1334u-pantalla-touch-full-hd-15-6-16gb-de-ram-512gb-ssd-win11home-carbon-negro-ingles/1/54566?pfdrid_c=true","Notebook Dell Inspiron 15 I3530-5623BLK-PUS Intel Core i5 1334U Pantalla Touch Full HD 15.6"" / 16GB de RAM / 512GB SSD / Win11Home - Carbon Negro (Inglés)","U$ 470,00","Cód.: 54566","R$ 2.627,30","G$ 3.431.000"
"https://www.visaovip.com/produto/notebook/notebook-hp-15-fc0038nq-amd-ryzen-7-5825u-pantalla-full-hd-15-6-16gb-de-ram-1tb-ssd-freedos-gris-ingles/54550","https://www.visaovip.com/imagem/notebook/notebook-hp-15-fc0038nq-amd-ryzen-7-5825u-pantalla-full-hd-15-6-16gb-de-ram-1tb-ssd-freedos-gris-ingles/1/54550?pfdrid_c=true","Notebook HP 15-FC0038NQ AMD Ryzen 7 5825U Pantalla Full HD 15.6"" / 16GB de RAM / 1TB SSD / FreeDOS - Gris (Inglés)","U$ 485,00","Cód.: 54550","R$ 2.711,15","G$ 3.540.500"
"https://www.visaovip.com/produto/notebook/notebook-hp-250-g10-intel-core-i5-1334u-pantalla-hd-15-6%2527%2527-8gb-de-ram-512gb-ssd-freedos-gris-espanol/54549","https://www.visaovip.com/imagem/notebook/notebook-hp-250-g10-intel-core-i5-1334u-pantalla-hd-15-6%27%27-8gb-de-ram-512gb-ssd-freedos-gris-espanol/1/54549?pfdrid_c=true","Notebook HP 250 G10 Intel Core i5 1334U Pantalla HD 15.6'' / 8GB de RAM / 512GB SSD / FreeDOS - Gris (Español)","U$ 420,00","Cód.: 54549","R$ 2.347,80","G$ 3.066.000"
"https://www.visaovip.com/produto/notebook/notebook-gamer-asus-tuf-f16-fx608jmr-rv010w-intel-core-i7-14650hx-pantalla-wuxga-16-0-16gb-de-ram-1tb-ssd-win11home-geforce-rtx5060-8gb-jaeger-gris-ingles/54547","https://www.visaovip.com/imagem/notebook/notebook-gamer-asus-tuf-f16-fx608jmr-rv010w-intel-core-i7-14650hx-pantalla-wuxga-16-0-16gb-de-ram-1tb-ssd-win11home-geforce-rtx5060-8gb-jaeger-gris-ingles/1/54547?pfdrid_c=true","Notebook Gamer ASUS TUF F16 FX608JMR-RV010W Intel Core i7 14650HX Pantalla WUXGA 16.0"" / 16GB de RAM / 1TB SSD / Win11Home / GeForce RTX5060 8GB - Jaeger Gris (Inglés)","U$ 1.425,00","Cód.: 54547","R$ 7.965,75","G$ 10.402.500"
"https://www.visaovip.com/produto/notebook/notebook-hp-250-g10-intel-core-i7-1355u-pantalla-hd-15-6%2527%2527-16gb-de-ram-512gb-ssd-freedos-gris-espanol/54545","https://www.visaovip.com/imagem/notebook/notebook-hp-250-g10-intel-core-i7-1355u-pantalla-hd-15-6%27%27-16gb-de-ram-512gb-ssd-freedos-gris-espanol/1/54545?pfdrid_c=true","Notebook HP 250 G10 Intel Core i7 1355U Pantalla HD 15.6'' / 16GB de RAM / 512GB SSD / FreeDOS - Gris (Español)","U$ 575,00","Cód.: 54545","R$ 3.214,25","G$ 4.197.500"
"https://www.visaovip.com/produto/notebook/notebook-gamer-lenovo-loq-15irx10-intel-core-i7-13650hx-pantalla-full-hd-15-6-16gb-de-ram-512gb-ssd-win11home-geforce-rtx5060-8gb-luna-gris-83je002lus-ingles/54511","https://www.visaovip.com/imagem/notebook/notebook-gamer-lenovo-loq-15irx10-intel-core-i7-13650hx-pantalla-full-hd-15-6-16gb-de-ram-512gb-ssd-win11home-geforce-rtx5060-8gb-luna-gris-83je002lus-ingles/1/54511?pfdrid_c=true","Notebook Gamer Lenovo LOQ 15IRX10 Intel Core i7 13650HX Pantalla Full HD 15.6"" / 16GB de RAM / 512GB SSD / Win11Home / GeForce RTX5060 8GB - Luna Gris (83JE002LUS) (Inglés)","U$ 1.199,00","Cód.: 54511","R$ 6.702,41","G$ 8.752.700"
"https://www.visaovip.com/produto/notebook/notebook-gamer-hp-omen-16-slim-16-an0037wm-intel-core-ultra-7-255h-pantalla-2k-16-0-16gb-de-ram-1tb-ssd-win11home-geforce-rtx5060-8gb-negro-ingles/54495","https://www.visaovip.com/imagem/notebook/notebook-gamer-hp-omen-16-slim-16-an0037wm-intel-core-ultra-7-255h-pantalla-2k-16-0-16gb-de-ram-1tb-ssd-win11home-geforce-rtx5060-8gb-negro-ingles/1/54495?pfdrid_c=true","Notebook Gamer HP OMEN 16 Slim 16-AN0037WM Intel Core Ultra 7 255H Pantalla 2K 16.0"" / 16GB de RAM / 1TB SSD / Win11Home / GeForce RTX5060 8GB - Negro (Inglés)","U$ 1.203,00","Cód.: 54495","R$ 6.724,77","G$ 8.781.900"
"https://www.visaovip.com/produto/notebook/notebook-hp-15-fc0039nq-amd-ryzen-7-5825u-pantalla-full-hd-15-6-32gb-de-ram-1tb-ssd-win11home-gris-ingles/54491","https://www.visaovip.com/imagem/notebook/notebook-hp-15-fc0039nq-amd-ryzen-7-5825u-pantalla-full-hd-15-6-32gb-de-ram-1tb-ssd-win11home-gris-ingles/1/54491?pfdrid_c=true","Notebook HP 15-FC0039NQ AMD Ryzen 7 5825U Pantalla Full HD 15.6"" / 32GB de RAM / 1TB SSD / Win11Home - Gris (Inglés)","U$ 520,00","Cód.: 54491","R$ 2.906,80","G$ 3.796.000"
"https://www.visaovip.com/produto/notebook/notebook-hp-omnibook-x-flip-ai-14-fm0013dx-intel-core-ultra-5-226v-pantalla-touch-2k-14-0-16gb-de-ram-512gb-ssd-win11home-azul-ingles/54463","https://www.visaovip.com/imagem/notebook/notebook-hp-omnibook-x-flip-ai-14-fm0013dx-intel-core-ultra-5-226v-pantalla-touch-2k-14-0-16gb-de-ram-512gb-ssd-win11home-azul-ingles/1/54463?pfdrid_c=true","Notebook HP Omnibook X Flip AI 14-FM0013DX Intel Core Ultra 5 226V Pantalla Touch 2K 14.0"" / 16GB de RAM / 512GB SSD / Win11Home - Azul (Inglés)","U$ 705,00","Cód.: 54463","R$ 3.940,95","G$ 5.146.500"
"https://www.visaovip.com/produto/notebook/notebook-hp-14-dq6014dx-intel-celeron-n150-pantalla-hd-14-0-4gb-de-ram-128gb-ufs-win11home-morado-ingles/54461","https://www.visaovip.com/imagem/notebook/notebook-hp-14-dq6014dx-intel-celeron-n150-pantalla-hd-14-0-4gb-de-ram-128gb-ufs-win11home-morado-ingles/1/54461?pfdrid_c=true","Notebook HP 14-DQ6014DX Intel Celeron N150 Pantalla HD 14.0"" / 4GB de RAM / 128GB UFS / Win11Home - Morado (Inglés)","U$ 198,00","Cód.: 54461","R$ 1.106,82","G$ 1.445.400"
"https://www.visaovip.com/produto/notebook/notebook-gamer-msi-cyborg-15-a13ve-218us-intel-core-i7-13620h-pantalla-full-hd-15-6-16gb-de-ram-512gb-ssd-win11home-geforce-rtx4050-6gb-translucent-negro/38783","https://www.visaovip.com/imagem/notebook/notebook-gamer-msi-cyborg-15-a13ve-218us-intel-core-i7-13620h-pantalla-full-hd-15-6-16gb-de-ram-512gb-ssd-win11home-geforce-rtx4050-6gb-translucent-negro/1/38783?pfdrid_c=true","Notebook Gamer MSI Cyborg 15 A13VE-218US Intel Core i7 13620H Pantalla Full HD 15.6"" / 16GB de RAM / 512GB SSD / Win11Home / GeForce RTX4050 6GB - Translucent Negro","U$ 925,00","Cód.: 38783","R$ 5.170,75","G$ 6.752.500"
"https://www.visaovip.com/produto/notebook/notebook-acer-a515-57g-58r7-intel-core-i5-1240p-pantalla-full-hd-15-6-8gb-de-ram-512-ssd-geforce-rtx2050-4gb-steel-gris-ingles/38423","https://www.visaovip.com/imagem/notebook/notebook-acer-a515-57g-58r7-intel-core-i5-1240p-pantalla-full-hd-15-6-8gb-de-ram-512-ssd-geforce-rtx2050-4gb-steel-gris-ingles/1/38423?pfdrid_c=true","Notebook Acer A515-57G-58R7 Intel Core i5 1240P Pantalla Full HD 15.6"" / 8GB de RAM / 512 SSD / GeForce RTX2050 4GB - Steel Gris (Inglés)","U$ 618,00","Cód.: 38423","R$ 3.454,62","G$ 4.511.400"