Consultas principales,Clics,Impresiones,CTR,Posición
zenn,23,36,63.89%,1.03
zenn electronicos,22,56,39.29%,1
m4cfy,9,112,8.04%,4.76
ryzen 7 5800x3d paraguay,7,51,13.73%,7.16
redragon wargrip g831,5,48,10.42%,5.75
xiaomi focus pen paraguay,5,38,13.16%,7.05
lt-100km958,5,28,17.86%,8.21
lda15265-7348blk-pus,4,83,4.82%,8.27
hp 15-fc0027ca,4,51,7.84%,5.35
zen electronics,4,15,26.67%,4.53
filamento elegoo paraguay,4,10,40%,6.1
redmi buds 8 pro paraguay,4,8,50%,7.5
thermalright peerless assassin 120 se,3,63,4.76%,7.59
i7 3770,3,52,5.77%,7.83
redragon kaiser g832,3,45,6.67%,8.73
cm517 plus,3,33,9.09%,2.48
steam machine paraguay,3,31,9.68%,2.45
bambu lab p2s combo paraguay,3,29,10.34%,7.62
17-dg0107dx,3,24,12.5%,6.5
ajazz af82,3,16,18.75%,5.81
16-cb0023dx,3,14,21.43%,6.64
bambu lab p1s paraguay,3,14,21.43%,8.29
a2xwig-420us,3,11,27.27%,4.27
reloj despertador paraguay,3,8,37.5%,16.25
ryzen 5 5500x3d,3,6,50%,16.67
ecopower ep 6996,2,55,3.64%,7.67
precio paraguay,2,43,4.65%,5.44
blulory tv stick g1,2,29,6.9%,3.24
83du004vus,2,28,7.14%,8.96
ajazz ahm09 max,2,25,8%,5.28
16-cd0075cl,2,25,8%,6.44
qcy h3s,2,23,8.7%,8.17
raspberry pi paraguay,2,17,11.76%,8.47
16-cd0070wm,2,16,12.5%,6.25
redragon g831,2,14,14.29%,6.64
840414612631,2,14,14.29%,7.93
garmin cirqa paraguay,2,13,15.38%,8.31
en paraguay,2,10,20%,6.4
fujitsu q5010,2,9,22.22%,6.67
ajazz ak820 max plus,2,8,25%,3.12
xiaomi focus pen,2,7,28.57%,13.86
aigo vk550,2,6,33.33%,2.33
m921,2,5,40%,4.6
poco f8 pro precio paraguay,2,4,50%,28.75
adaptador usb ps2,2,3,66.67%,6.33
amd ryzen 5 3400g,2,3,66.67%,8.67
msi b550m pro-vdh,2,3,66.67%,15
core i5-9500,2,2,100%,3
celular caterpillar paraguay,1,128,0.78%,7.23
precio,1,97,1.03%,4.96
83hda06jus,1,68,1.47%,8.21
4cdjw,1,65,1.54%,7.8
lda15260-7823blk-pus,1,51,1.96%,9.12
15-fc0027ca,1,46,2.17%,6.85
nx.de2aa.001,1,43,2.33%,8
d96e6ua#aba,1,39,2.56%,5.82
celular caterpillar,1,37,2.7%,8.73
cooler para notebook,1,34,2.94%,6.26
ds-k1t343mfwx,1,32,3.12%,9.78
ajazz aj139 v2,1,30,3.33%,8.47
fitbit air paraguay,1,29,3.45%,8.34
ryzen 5 5500x3d paraguay,1,28,3.57%,9.5
al15-36p-32xp,1,27,3.7%,7.48
cmh64gx5m2d5600z40,1,26,3.85%,8.85
lac16251-9300blu-pus,1,25,4%,9.76
thermalright phantom spirit 120 se,1,24,4.17%,7.08
d10e8ua#aba,1,24,4.17%,7.38
casio fx-991la cw,1,24,4.17%,8.21
si,1,22,4.55%,5.36
ajazz aj179p,1,20,5%,7.5
onikuma mt706,1,20,5%,8.15
ldc16251-7247slv-pus,1,20,5%,10.3
havit h619bt,1,18,5.56%,4.72
ds-3wr30x,1,17,5.88%,6.53
qcy t13,1,16,6.25%,7.88
14-kb0023dx,1,15,6.67%,7
ds-kh6110-we1,1,15,6.67%,7.73
proyector acer x1228h,1,15,6.67%,8.27
lda15265-5263blk-pus,1,15,6.67%,8.53
ds-3e1510p-ei/m,1,15,6.67%,12.13
alphasat tx ai,1,14,7.14%,5.29
tablet mox mo-tp1082,1,14,7.14%,5.64
casio fx-991la cw paraguay,1,14,7.14%,6.36
hye x10 pro,1,14,7.14%,8
xiaomi sound party paraguay,1,12,8.33%,9.08
rtx 5090 paraguay,1,12,8.33%,9.5
hp 14 dq6102dx,1,11,9.09%,4.55
qn55q7f5ag,1,11,9.09%,6.18
16-cg0070wm,1,11,9.09%,6.45
f1504vap-nb71t,1,11,9.09%,6.91
cm9800 ultra,1,11,9.09%,7.36
ryzen 7 7800x3d paraguay,1,11,9.09%,11.09
16-bu0170wm,1,10,10%,7
adaptador lightning a usb-c hembra,1,10,10%,7.4
google fitbit air paraguay,1,10,10%,8.3
90nr0mm1-m00010-e,1,10,10%,8.7
d7nf0ua#aba,1,10,10%,10.1
15-fb3113dx,1,9,11.11%,3.89
toca cd,1,9,11.11%,4.67
peerless assassin 120 se,1,9,11.11%,5.22
boligrafo xiaomi,1,9,11.11%,5.67
15-fd2747nr,1,9,11.11%,6.89
smartwatch tv dub,1,9,11.11%,8.33
qcy t13 pro,1,9,11.11%,9.56
keepdata h310-kdgnv,1,8,12.5%,3.62
caterpillar b28,1,8,12.5%,4.12
creality k1 max,1,8,12.5%,6.75
sdssde30-1t00-g26,1,8,12.5%,6.75
ajazz aj139 v2 mc,1,8,12.5%,8.12
redmi smart pen paraguay,1,8,12.5%,8.75
k1t343mfwx,1,8,12.5%,9.62
notebook paraguay,1,8,12.5%,35.62
910-007601,1,7,14.29%,5.14
hp 15-fd0335nr,1,7,14.29%,7.86
intel core i5 9400f,1,7,14.29%,8.71
xiaomi sound party precio paraguay,1,7,14.29%,9
anv16-72-933f,1,7,14.29%,10.71
jbl boombox 3,1,7,14.29%,45.57
lg b220,1,6,16.67%,1
redragon kaidas gs590,1,6,16.67%,3.83
redragon gs816 beth,1,6,16.67%,5
16-an0119nr,1,6,16.67%,5.83
msi mag corefrozr aa13,1,6,16.67%,6.33
hp elite dragonfly g3,1,6,16.67%,6.67
myw53ll/a iphone,1,6,16.67%,6.67
cq4k7ua#aba,1,6,16.67%,6.83
ajazz aj199,1,6,16.67%,7
d7nf3ua,1,6,16.67%,7.33
notebook dell latitude 5420,1,6,16.67%,7.83
archer ax23,1,6,16.67%,8.17
i3 2100,1,6,16.67%,9.5
ph18-73-962w,1,6,16.67%,10.17
mlml3lla,1,6,16.67%,18.5
tarjetas graficas paraguay,1,6,16.67%,21.33
casio fx-570la cw precio,1,5,20%,3.6
ds-3e0508d-o,1,5,20%,4.2
cm936,1,5,20%,4.8
macbook air m5 paraguay,1,5,20%,4.8
aigo am12 pro,1,5,20%,5.8
gt805,1,5,20%,6
mg7l4ll/a,1,5,20%,6
cooler master a1,1,5,20%,6.2
ds-2ce70k0t-ptlts,1,5,20%,6.2
teclado ajazz nk68,1,5,20%,6.2
lenovo yoga tab plus paraguay,1,5,20%,6.4
np750xqb-ka2us,1,5,20%,9.8
bambu lab paraguay,1,5,20%,10
stream deck paraguay,1,5,20%,10.2
cmh32gx5m2b6400c32w,1,4,25%,4.25
sdcz73-064g-g46,1,4,25%,4.5
cooler thermalright phantom spirit 120 se,1,4,25%,6.25
ssd macrovip 480gb,1,4,25%,6.5
hp 17-df0575cl,1,4,25%,7
dji lito x1 paraguay,1,4,25%,9.25
redragon artemis pro,1,4,25%,9.25
cirqa garmin paraguay,1,4,25%,10.25
filamento petg paraguay,1,4,25%,10.25
hikvision ds-2ce10uf3t-e,1,4,25%,10.25
amazfit active 2 paraguay,1,4,25%,11.25
receptor globalsat gs 120 pro max,1,4,25%,15.25
mesa gamer paraguay,1,4,25%,34.75
jbl flip 7,1,4,25%,38.25
83a000g8us,1,3,33.33%,2.67
c34wqda-rggl,1,3,33.33%,2.67
impresora 3d creality k1 max,1,3,33.33%,2.67
mouse gamer ajazz aj179p,1,3,33.33%,3
mouse ebony redragon,1,3,33.33%,3.33
k899,1,3,33.33%,4.33
16-cb0013dx,1,3,33.33%,4.67
msi meg z890 ace,1,3,33.33%,4.67
cx3402cva-ws388t-gr,1,3,33.33%,5
wd1003fzex,1,3,33.33%,5
16-bc1052wm,1,3,33.33%,5.33
elitebook x360 1040,1,3,33.33%,5.33
ljdv40-16gab,1,3,33.33%,5.67
ds-2cd2027g2-l,1,3,33.33%,6
np940xjg-kg2us,1,3,33.33%,6.33
adaptador usb a ps2,1,3,33.33%,7.33
qcy melobuds n30 anc,1,3,33.33%,8
gtx 960m,1,3,33.33%,9
83f00006us,1,3,33.33%,9.33
m7083,1,3,33.33%,9.33
ajazz mouse,1,3,33.33%,10
i7 7700k,1,3,33.33%,10.33
galaxy book 6 pro paraguai,1,3,33.33%,10.67
mibro gt xpaw026,1,3,33.33%,11
redragon h858 arrow pro,1,3,33.33%,12.67
tp link tx50e,1,3,33.33%,14
cargador xiaomi 67w,1,3,33.33%,16
lenovo ideapad slim 3 ryzen 7 8840hs,1,3,33.33%,16
pc montado,1,3,33.33%,18
filamento pla paraguay,1,3,33.33%,23
vk550,1,2,50%,1
asus pro ws w680-ace ipmi,1,2,50%,1.5
seagate ironwolf pro 24 tb,1,2,50%,2
mp165 e6,1,2,50%,2.5
arrow pro carbon red dragon,1,2,50%,3
g831 redragon,1,2,50%,3
toshiba s300 2tb,1,2,50%,3
dame links,1,2,50%,3.5
disco duro 24tb,1,2,50%,3.5
usw pro max 16,1,2,50%,3.5
adaptador lightning a usb c para microfono,1,2,50%,4
ax5u5600c468g-slabbk,1,2,50%,4
corsair vengeance 6000mhz,1,2,50%,4
darkflash hm1,1,2,50%,4.5
razer blackshark v2 pro precio,1,2,50%,4.5
how much is it?,1,2,50%,5
aed08hrr,1,2,50%,5.5
dgx spark paraguay,1,2,50%,5.5
microsoft surface go 2,1,2,50%,6
patriot 240gb ssd,1,2,50%,6
redragon h858 arrow pro carbon,1,2,50%,6
corsair vengeance ddr5 32gb (2x16gb) 6000mhz,1,2,50%,7
stkp10000400,1,2,50%,7
65ua8050psa,1,2,50%,8
adata legend 710,1,2,50%,8
calculadora fx 570 es plus,1,2,50%,8
corsair hs80 max,1,2,50%,8.5
ex520,1,2,50%,9
placa h61 1155,1,2,50%,9
garmin cirqa py,1,2,50%,9.5
memoria ram ddr3l 8gb 1600mhz notebook,1,2,50%,10
conversor rj45 a hdmi,1,2,50%,10.5
un65u7900fd,1,2,50%,10.5
ssd 240 msi,1,2,50%,11
xiaomi tv s mini led 98,1,2,50%,11
xiaomi 65 a pro 2026,1,2,50%,12
tp link archer tx50e,1,2,50%,13.5
redragon zeus 2,1,2,50%,15
g20 lite xiaomi,1,2,50%,15.5
silla gamer lamborghini,1,2,50%,17
notebook asus vivobook s16 m3607ha-rp064w,1,2,50%,17.5
filamento para impresora 3d paraguay,1,2,50%,20.5
jbl tune 110,1,2,50%,33
laptop paraguay,1,2,50%,34
impresora 3d paraguay,1,2,50%,34.5
servidor synology diskstation ds124 realtek rtd1619b 1.7ghz,1,2,50%,50
donde comprar?,1,1,100%,1
gibt es eine günstigere alternative,1,1,100%,1
hd103si,1,1,100%,1
i7-8700 precio,1,1,100%,1
link para comprar,1,1,100%,1
mas links,1,1,100%,1
msi cyborg 15 b2rwfkg-295us,1,1,100%,1
muéstrame los precios,1,1,100%,1
redragon k689 wyvern,1,1,100%,1
spécifications technique,1,1,100%,1
st500lm034,1,1,100%,1
2y 3,1,1,100%,2
ajazz ak820 yellow,1,1,100%,2
bh24qt33a,1,1,100%,2
boya by-v10,1,1,100%,2
ddr4 8x2 3600mhz,1,1,100%,2
epson c5890 precio,1,1,100%,2
gmk g5,1,1,100%,2
gs590,1,1,100%,2
lac16251-9599blu-pus,1,1,100%,2
mde14ll/a,1,1,100%,2
moto electrica,1,1,100%,2
personal,1,1,100%,2
tablet xiaoxin lenovo,1,1,100%,2
7600x3d,1,1,100%,3
asrock z890 riptide wifi,1,1,100%,3
corsair hs55 v2,1,1,100%,3
mjq54ll/a,1,1,100%,3
pero disponible,1,1,100%,3
receptor fta,1,1,100%,3
switch mercusys 8 puertos,1,1,100%,3
teclado mecanico ajazz nk68,1,1,100%,3
usb,1,1,100%,3
redragon magnetico,1,1,100%,4
sandisk extreme pro portable ssd (v3) - 4tb,1,1,100%,4
ssd externo 4 tb,1,1,100%,4
tn-116,1,1,100%,4
vk450,1,1,100%,4
991 la cw,1,1,100%,5
calculadora casio 991la cw,1,1,100%,5
water cooler msi,1,1,100%,5
asus zenbook s14,1,1,100%,6
donde puedo comprar en paraguay,1,1,100%,6
mdy-11-ep,1,1,100%,6
mp600 pro lpx 4tb,1,1,100%,6
seagate st2000vm003,1,1,100%,6
aj 139 v2,1,1,100%,7
ram 2x16gb,1,1,100%,8
tp-link tl-wn821n,1,1,100%,8
asus fa608uh,1,1,100%,9
eap110 outdoor,1,1,100%,9
iron wolf pro 8tb,1,1,100%,9
ryzen 5 1600x,1,1,100%,9
tp-link tapo c425,1,1,100%,9
uap-ac-m-br,1,1,100%,9
corsair 3200d,1,1,100%,10
d-link dgs-1016d,1,1,100%,10
lenovo ryzen 7 8840hs,1,1,100%,10
mibro gt,1,1,100%,10
tp-link tl-sg2218,1,1,100%,10
xiaomi hypercharge,1,1,100%,10
blackview tab 20,1,1,100%,11
dcp 1617nw,1,1,100%,11
eap 115,1,1,100%,11
hikvision ds-2ce16d0t-exipf,1,1,100%,11
i7-3770 precio,1,1,100%,11
pendrive 16gb usb 2.0,1,1,100%,11
ssd lexar ns100 512gb,1,1,100%,11
be22 deco,1,1,100%,12
tp-link tl-mr100,1,1,100%,12
dónde se venden?,1,1,100%,13
vivobook f1504va,1,1,100%,13
ldc16250-7278blk-pus,1,1,100%,14
lg 43ut7300psa,1,1,100%,14
msi crosshair a16,1,1,100%,14
tablet c idea cm89,1,1,100%,14
redragon headset wireless,1,1,100%,15
xiaomi pad 8 pro 12 gb ram,1,1,100%,15
95a,1,1,100%,16
monitor msi pro mp242 e14a,1,1,100%,16
procesadores precio,1,1,100%,16
redragon ares,1,1,100%,16
hdet02lzsa51,1,1,100%,17
smart band garmin,1,1,100%,18
epson l8050 precio paraguay,1,1,100%,20
xiaomi 2k monitor a27qi 2026,1,1,100%,20
xiaomi cw500 dual,1,1,100%,20
ryzen 9950x,1,1,100%,22
bambu lab p2s combo,1,1,100%,23
redmi pad 2 pro precio paraguay,1,1,100%,24
anv15-52-98kv,1,1,100%,25
calculadora py,1,1,100%,27
notebook precio paraguay,1,1,100%,31
dónde se vende en paraguay,1,1,100%,37
lt-32km1584,1,1,100%,41
notebook alienware 16 aurora,1,1,100%,44
gabinete corsair,1,1,100%,46
xiaomi 75 pulgadas,1,1,100%,58
impresora de inyección de tinta portátil,1,1,100%,61
laptop gamer paraguay,1,1,100%,65
ai76116,0,70,0%,6.5
ai30832,0,69,0%,5.29
nla-lx1,0,65,0%,6.12
lgn-lx3,0,64,0%,8.56
83sc007rus,0,62,0%,7.94
rmx5377,0,59,0%,4.51
precio en paraguay,0,50,0%,4.32
912-v531-682,0,48,0%,4.65
fa607nuq-ws73,0,47,0%,8.3
ai81632,0,46,0%,4.78
ai52212,0,46,0%,4.91
ai52116,0,44,0%,5.2
ai52228,0,43,0%,4.65
lgn lx3,0,43,0%,8.3
notebook,0,42,0%,58.02
rtx 5090 precio paraguay,0,41,0%,7.07
ai16916,0,40,0%,4.65
ai92916,0,39,0%,4.97
onikuma gt805,0,38,0%,8.29
ai52716,0,37,0%,4.86
ai52916,0,37,0%,5.92
ai50714,0,37,0%,8.08
ai81641,0,36,0%,5.67
hdwg81jxzstb,0,36,0%,6.56
redragon kaiser,0,36,0%,7.86
cz105a,0,36,0%,14.97
ai89132,0,35,0%,3.83
nla lx1,0,35,0%,7.31
onikuma gt887,0,35,0%,10.54
redmi note 17 precio paraguay,0,34,0%,5.82
ai52216,0,33,0%,6
83rr0000us,0,33,0%,9.42
tencent81130,0,32,0%,4.69
ai80632,0,31,0%,3.97
ai85916,0,31,0%,4.32
haylou watch 4s,0,31,0%,8
ai32716,0,30,0%,7.43
ai87632,0,29,0%,4.34
ai17753,0,29,0%,4.86
tencent61130,0,29,0%,5.97
lh40befmvgpxzp,0,29,0%,7.76
ai32316,0,28,0%,4.89
ai57197,0,28,0%,6.75
mg684j/a,0,28,0%,7.36
qcy t13 anc,0,28,0%,9.21
hp 14-dq6102dx,0,27,0%,6.15
ai32714,0,27,0%,6.85
ai81522,0,26,0%,4.19
ai80521,0,26,0%,4.69
lgn-lx2,0,26,0%,4.69
bvg1200i-msn,0,26,0%,7.73
ai34515,0,26,0%,8.35
mg694ja,0,26,0%,10.46
ai52218,0,25,0%,4.12
ai32114,0,25,0%,5.8
ai92116,0,25,0%,6.52
jblpb130blkam,0,25,0%,6.84
ai17632,0,25,0%,7.24
ai52281,0,25,0%,7.52
d7nf3ua#aba,0,25,0%,7.84
83l7002fus,0,25,0%,7.92
ds-2cv2q21g1-idw,0,25,0%,8.36
ds-3e1518p-ei/m,0,25,0%,8.72
x6840 procesador,0,25,0%,10.28
ai10521,0,24,0%,2.12
ai15213,0,24,0%,2.42
ai84228,0,24,0%,4.58
ai19522,0,24,0%,5.08
tencent41130,0,24,0%,5.58
ai52614,0,24,0%,5.79
ai59145,0,24,0%,6.5
ai39714,0,24,0%,7.21
mlml3ll/a,0,24,0%,7.42
hp 14-dq6105dx,0,24,0%,8
zafm0726ec,0,23,0%,5.09
ai32221,0,23,0%,5.22
lds16260-7779blu-pus,0,23,0%,7.61
i5 4460,0,23,0%,8.39
ld15260-7140blk-pus,0,23,0%,9.83
ai70632,0,22,0%,4.27
tablet mox mo-tp732,0,22,0%,6.32
tablet cm517 air,0,22,0%,6.55
ai54614,0,22,0%,7.41
ai32916,0,22,0%,7.55
ds-3e1526p-ei/m,0,22,0%,8.32
redmi watch 6 lite,0,22,0%,8.91
msi b550m pro-vdh wifi,0,22,0%,9.09
ai80522,0,21,0%,5.38
ai81681,0,21,0%,5.43
ai84222,0,21,0%,6.05
ds-1ln6uzc0,0,21,0%,6.43
ai15810,0,21,0%,6.57
bhr08jtgl,0,21,0%,7.38
ai87522,0,21,0%,7.48
celular caterpillar precio paraguay,0,21,0%,7.81
jblpb130whtam,0,21,0%,8.33
ai11522,0,20,0%,3
cm517 air tablet,0,20,0%,5.35
hp laptop 14-dq6102dx,0,20,0%,5.4
tencent54420,0,20,0%,5.65
ai87635,0,20,0%,5.8
ai32814,0,20,0%,6.3
17-df0575cl,0,20,0%,6.8
ajazz nk68,0,20,0%,6.8
ds-kis302-p,0,20,0%,7.05
tv ecopower 65,0,20,0%,7.05
kaiser g832,0,20,0%,7.65
ds-2ce10df0t-lpfs,0,20,0%,7.9
h81g573,0,20,0%,7.9
ai52314,0,20,0%,8.15
mfhp4lla,0,20,0%,8.55
nacodexx,0,19,0%,3.84
cm517 air,0,19,0%,4.47
redragon sparda mouse,0,19,0%,4.53
macrovip mv-h61v2,0,19,0%,4.63
14-dq6102dx,0,19,0%,5.16
ai52285,0,19,0%,6
ai84614,0,19,0%,6
xt2623-5,0,19,0%,6.32
ai59141,0,19,0%,6.42
ai66114,0,19,0%,6.63
mdh74lla,0,19,0%,7.21
bvg700i-msn,0,19,0%,8.42
i3 7100,0,19,0%,9.05
ai52284,0,18,0%,4.17
cm10017 ultra,0,18,0%,4.78
ai93860,0,18,0%,5.28
ai81635,0,18,0%,5.94
ai14052,0,18,0%,6.83
mfxh4lla,0,18,0%,7.67
rma2506,0,18,0%,7.67
e14wgk-038us,0,18,0%,7.83
hp laptop 14-dq6105dx,0,18,0%,8.56
placa de sonido usb,0,18,0%,8.78
athlon 3000g,0,18,0%,9.61
ai68440,0,17,0%,2.65
tencent73520,0,17,0%,5.12
hp 14-dq6104dx,0,17,0%,5.88
ai69632,0,17,0%,6.53
h81g573 motherboard,0,17,0%,6.53
hp 15-fd0684nr,0,17,0%,6.53
zag60266us,0,17,0%,7.53
i5 3330,0,17,0%,7.59
ds-3wr18x,0,17,0%,7.65
cmk64gx5m2d5600z40,0,17,0%,7.88
nlae3ll/a,0,17,0%,8.12
ai14400,0,17,0%,8.18
ai52114,0,17,0%,8.29
ds-1ln6ouspe,0,17,0%,8.47
ai52214,0,17,0%,8.65
ryzen 7 7800x3d,0,17,0%,8.76
16-cb0043dx,0,17,0%,9.12
bee-001,0,17,0%,9.29
i7 6700,0,17,0%,9.29
airpods,0,17,0%,11.35
ai73095,0,16,0%,3.88
ai46146,0,16,0%,3.94
ai26614,0,16,0%,5.19
ai82522,0,16,0%,5.44
ai52206,0,16,0%,5.5
ai26114,0,16,0%,6.06
asrock b550 rock wifi,0,16,0%,6.12
mf0j4lw/a,0,16,0%,6.19
ai32614,0,16,0%,7.19
bambu lab p2s paraguay,0,16,0%,8.56
placa madre b550,0,16,0%,8.62
hdwg81gxzsta,0,16,0%,9.31
i7 8700,0,16,0%,9.44
ai52124,0,15,0%,4.2
globalsat gs 130,0,15,0%,4.33
ai26141,0,15,0%,5.13
ai52287,0,15,0%,5.33
i5 8500,0,15,0%,5.6
tencent63911,0,15,0%,5.87
globalsat gs 120 pro max,0,15,0%,5.93
ai81132,0,15,0%,6.2
ai35916,0,15,0%,6.33
zag70792ec,0,15,0%,7.2
3nstar rpt004,0,15,0%,7.27
14-dq6105dx,0,15,0%,7.33
ai34614,0,15,0%,8.4
mfy84vc/a,0,15,0%,8.47
darkflash dk353,0,15,0%,8.67
i5 9500,0,15,0%,8.87
83te001pus,0,15,0%,9.2
i5 7400,0,15,0%,9.6
83ka000qus,0,15,0%,10.33
"""rog zephyrus"" -""jobs"" -""hiring"" -""careers"" -""salary"" -""internship"" 
-""recruitment"" -""vacancy"" -""glassdoor"" -""indeed"" -""resume"" -""interview 
questions"" -""training"" -""free download"" -""wallpaper"" -""screensaver"" 
-""driver update"" -""manual pdf"" -""troubleshooting"" -""repair guide"" -""how to 
fix"" -""bios reset"" -""spare parts"" -""battery replacement"" -""second hand"" 
-""used"" -""ebay"" -""gumtree"" -""facebook marketplace"" -""refurbished"" 
-""meditation"" -""yoga"" -""zen buddhism"" -""spirituality"" -""zen garden"" -""book 
club"" -""novels"" -""bookstore"" -""recipes"" -""kitchen"" -""router setup"" 
-""firmware update"" -""asusrouter"" -""tech support number"" -""phone"" 
-""smartphone"" -""motherboard"" -""gpu"" -""graphics card"" -""monitor"" -""router"" 
-""server"" -""mouse"" -""telefon"" -""smartfone"" -""płyta główna"" -""karta 
graficzna"" -""serwer"" -""myszka"" -""asus router konfiguracja"" -""asus bios 
update problem forum"" -""asus olx"" -""asus allegro"" -""asus sprzedam"" -""asus 
używany"" -""asus części"" -""asus naprawa"" -""asus serwis opinie"" -""هاتف، جوال، 
موبايل، لوحة أم، مذربورد، كرت شاشة، بطاقة رسومات، شاشة، راوتر، سيرفر، خادم، 
ماوس، فأرة""",0,15,0%,27.73
tencent52420,0,14,0%,3.21
ai74509,0,14,0%,3.93
cm817 air,0,14,0%,3.93
cm89,0,14,0%,4.07
ai77635,0,14,0%,4.5
ai93848,0,14,0%,4.64
ai52283,0,14,0%,4.86
ai45293,0,14,0%,4.93
ls27hg400enxgo,0,14,0%,5.07
crd-9020013-ww,0,14,0%,5.36
ai92614,0,14,0%,5.43
ai87636,0,14,0%,5.93
tablet cidea cm517 air,0,14,0%,6.5
thinkpad t480,0,14,0%,6.5
darkflash dk151,0,14,0%,6.79
i5 8600,0,14,0%,7
p24fda-ragl,0,14,0%,7.79
i3 3220,0,14,0%,7.86
d7nf1ua#aba,0,14,0%,7.93
"""912-v531-045"" msi",0,14,0%,8.07
ai52714,0,14,0%,8.5
ai57196,0,14,0%,8.93
mouse ajazz aj139 v2,0,14,0%,9
"nb dell dc15250 i5-1334u 4.6ghz/8gb/512ssd/15.6""/fhd/touch/w11/ing/black",0,14,0%,9.5
mhrq4ja,0,14,0%,12.07
b550m pro-vdh wifi,0,14,0%,13.43
computadoras,0,14,0%,39.64
monitor,0,14,0%,60.57
ai65916,0,13,0%,3.46
lgn lx2,0,13,0%,4.23
ai14552,0,13,0%,4.77
cfi-zvr1,0,13,0%,4.92
ds-ups1000-r,0,13,0%,5
ai52483,0,13,0%,5.92
blulory milan,0,13,0%,5.92
ai33916,0,13,0%,6.08
ai74816,0,13,0%,6.46
ai14814,0,13,0%,6.77
dell m4cfy,0,13,0%,6.92
ai52288,0,13,0%,7.15
alphaplay plus,0,13,0%,7.38
ai14152,0,13,0%,7.54
ai14900,0,13,0%,7.54
hp laptop 14 dq6102dx,0,13,0%,7.54
912-v535-088,0,13,0%,7.62
myw53ll/a,0,13,0%,7.62
razer blackshark v2 pro,0,13,0%,7.62
mg694j/a,0,13,0%,7.85
cm824 ultra,0,13,0%,8.08
tencent78496,0,13,0%,8.15
ai27614,0,13,0%,8.23
hp 14 dq6105dx,0,13,0%,8.38
a3449,0,13,0%,8.69
ai26140,0,13,0%,8.92
tv quanta 32,0,13,0%,9
blulory u2,0,13,0%,9.38
"nb hp 15-fd0153wm i5-1334u 4.6ghz/8gbd4/512ssd/15.6""/fhd/w11/ing/silver",0,13,0%,9.46
radio philips paraguay,0,13,0%,9.85
caterpillar celular paraguay,0,13,0%,10.31
ai52485,0,12,0%,3.25
tencent24220,0,12,0%,3.58
ai36832,0,12,0%,4.33
ad5s560016g-s,0,12,0%,5.08
ne75080019t2-gb2035s,0,12,0%,5.17
ai14752,0,12,0%,6.08
dk431,0,12,0%,6.33
cat b28 características,0,12,0%,6.67
hdwg82exzstb,0,12,0%,6.83
zt-a30600e2-10a,0,12,0%,6.92
bvg1600i-msn,0,12,0%,7.08
ai32514,0,12,0%,7.42
anv15-52-74sd,0,12,0%,7.5
g615jpr-as96,0,12,0%,7.5
ai26149,0,12,0%,7.58
ajazz aj139,0,12,0%,7.58
asus tuf fa607nuq-ws73,0,12,0%,7.67
ai60714,0,12,0%,8
rmx5555,0,12,0%,8.25
gs24f14,0,12,0%,8.33
srv3ki-e,0,12,0%,8.42
ai46916,0,12,0%,8.5
a16-61mt-r6pg,0,12,0%,8.67
reloj havit m9052,0,12,0%,8.92
ai61145,0,12,0%,9.08
ai31714,0,12,0%,9.33
ds-3wre12c,0,12,0%,9.33
bhr08jpgl,0,12,0%,10.25
82x700keus,0,12,0%,11.33
haylou flowbuds n55,0,12,0%,12.08
"""vivobook s"" -""jobs"" -""hiring"" -""careers"" -""salary"" -""internship"" 
-""recruitment"" -""vacancy"" -""glassdoor"" -""indeed"" -""resume"" -""interview 
questions"" -""training"" -""free download"" -""wallpaper"" -""screensaver"" 
-""driver update"" -""manual pdf"" -""troubleshooting"" -""repair guide"" -""how to 
fix"" -""bios reset"" -""spare parts"" -""battery replacement"" -""second hand"" 
-""used"" -""ebay"" -""gumtree"" -""facebook marketplace"" -""refurbished"" 
-""meditation"" -""yoga"" -""zen buddhism"" -""spirituality"" -""zen garden"" -""book 
club"" -""novels"" -""bookstore"" -""recipes"" -""kitchen"" -""router setup"" 
-""firmware update"" -""asusrouter"" -""tech support number"" -""phone"" 
-""smartphone"" -""motherboard"" -""gpu"" -""graphics card"" -""monitor"" -""router"" 
-""server"" -""mouse"" -""telefon"" -""smartfone"" -""płyta główna"" -""karta 
graficzna"" -""serwer"" -""myszka"" -""asus router konfiguracja"" -""asus bios 
update problem forum"" -""asus olx"" -""asus allegro"" -""asus sprzedam"" -""asus 
używany"" -""asus części"" -""asus naprawa"" -""asus serwis opinie"" -""هاتف، جوال، 
موبايل، لوحة أم، مذربورد، كرت شاشة، بطاقة رسومات، شاشة، راوتر، سيرفر، خادم، 
ماوس، فأرة""",0,12,0%,44.5
team 256,0,11,0%,2.45
ai36916,0,11,0%,3.27
alphaplay,0,11,0%,3.82
cq1m7ua#aba,0,11,0%,4.45
ai29522,0,11,0%,4.73
rmx5107,0,11,0%,4.91
ai61618,0,11,0%,5
redragon rylo pro s142,0,11,0%,5.36
83va001pus,0,11,0%,5.55
ai26147,0,11,0%,5.91
qn55qn70fag,0,11,0%,6.36
ai52433,0,11,0%,6.55
ai68164,0,11,0%,6.64
ajazz ahm08 max,0,11,0%,6.91
poco pad m1 precio paraguay,0,11,0%,7
mg6a4j/a,0,11,0%,7.09
ai83223,0,11,0%,7.36
ai62614,0,11,0%,7.45
ajazz ak820 pro paraguay,0,11,0%,7.45
ai26233,0,11,0%,7.55
teléfono caterpillar paraguay,0,11,0%,7.64
ds-2de7a232iw-aeb,0,11,0%,7.73
msi mag 275qf e20,0,11,0%,7.73
alienware lda15260-7823blk-pus,0,11,0%,7.82
ds-2cd1027g3-liu,0,11,0%,7.82
fanatec paraguay,0,11,0%,8.09
mlmt3ll/a,0,11,0%,8.45
ai27144,0,11,0%,8.55
83ly0007us,0,11,0%,8.64
mdvq4lla,0,11,0%,8.82
ai90416,0,11,0%,8.91
mg6l4hn/a,0,11,0%,9
adaptador rj45 a hdmi,0,11,0%,9.45
wanbo vali 1 pro,0,11,0%,9.55
rmx5313,0,11,0%,9.82
a3426,0,11,0%,10
bateria 12v 7ah,0,11,0%,10.18
p27ucb-ragl,0,11,0%,10.73
redmi buds 8 pro,0,11,0%,11.45
mfxh4ll/a,0,11,0%,14.91
toner 3ym78al,0,11,0%,20.45
jbl boombox,0,11,0%,42.45
monitores,0,11,0%,59.27
notebookc,0,11,0%,60.73
ai78168,0,10,0%,3.4
ai90421,0,10,0%,3.7
ds-kd9203-fe6,0,10,0%,3.7
darkflash aquarius,0,10,0%,3.9
ai21632,0,10,0%,4.7
tablet cm817 air,0,10,0%,4.7
bhr08gogl,0,10,0%,5.1
ai52219,0,10,0%,5.4
ai76148,0,10,0%,5.4
ds-2cd2047g3-liy,0,10,0%,5.4
ai26146,0,10,0%,5.5
tg h81g573,0,10,0%,5.5
wargrip g831,0,10,0%,5.5
rmx3938,0,10,0%,5.9
ai14652,0,10,0%,6
ai89522,0,10,0%,6
ai75616,0,10,0%,6.3
b550 rock wifi,0,10,0%,6.7
ssd externo 4tb,0,10,0%,6.8
gamdias aura gc9m,0,10,0%,6.9
tg-h81g573,0,10,0%,7
tv smart ecopower 43 precio paraguay,0,10,0%,7.1
ai57614,0,10,0%,7.2
16-by0015dx,0,10,0%,7.6
ai18614,0,10,0%,7.9
dk151,0,10,0%,7.9
mfyu4be/a,0,10,0%,7.9
ai89487,0,10,0%,8
ai10017,0,10,0%,8.1
mdhe4lla,0,10,0%,8.1
ch-91e911g-na,0,10,0%,8.3
ai17947,0,10,0%,8.8
ai93849,0,10,0%,8.8
rmx5313 procesador,0,10,0%,8.8
tomada americana,0,10,0%,8.8
i3 9100,0,10,0%,9.2
tencent57130,0,10,0%,9.2
ai32116,0,10,0%,9.3
kc-u3c128-7tp,0,10,0%,9.4
p27fda-ragl,0,10,0%,9.4
huawei ax3s,0,10,0%,9.8
i3 6100,0,10,0%,9.9
p415-09w-8240,0,10,0%,10
jbl live 680nc,0,10,0%,10.1
hdwg82axzstb,0,10,0%,11.6
memorias sd,0,10,0%,38.9
monitores paraguay,0,10,0%,41.5
bhr08w5gl,0,9,0%,3.22
ai73096,0,9,0%,3.89
ai93201,0,9,0%,3.89
ai51146,0,9,0%,4.56
blulory tv stick,0,9,0%,4.56
ai68640,0,9,0%,4.89
a3448,0,9,0%,5.22
blulory tv stick g1 4k,0,9,0%,5.56
ai14614,0,9,0%,5.67
ai29883,0,9,0%,5.89
ai70635,0,9,0%,5.89
ai14529,0,9,0%,6.33
cooler thermalright peerless assassin 120 se,0,9,0%,6.33
dk353,0,9,0%,6.33
globalsat gs 120 pro,0,9,0%,6.33
darkflash a290,0,9,0%,6.78
mdhh4lla,0,9,0%,7
ai51148,0,9,0%,7.22
ai65914,0,9,0%,7.22
fx-991la cw,0,9,0%,7.22
a520m ds3h v2,0,9,0%,7.67
asus tuf b550m plus wifi,0,9,0%,7.67
ai83136,0,9,0%,7.78
ai90412,0,9,0%,7.78
xt2623-1,0,9,0%,7.78
ldc15250-5434blk-pus,0,9,0%,7.89
tapo c545d,0,9,0%,7.89
ai81150,0,9,0%,8
i5 6500,0,9,0%,8
thermalright peerless assassin 120,0,9,0%,8
pendrive lexar 32gb,0,9,0%,8.11
a14-52m-51s1,0,9,0%,8.44
ds-3e1524-ei,0,9,0%,8.44
tencent35326,0,9,0%,8.56
ai12614,0,9,0%,8.67
ai30521,0,9,0%,8.67
ai90411,0,9,0%,8.67
ajazz ak680,0,9,0%,8.67
celular cat b28,0,9,0%,8.78
haylou hq5,0,9,0%,8.78
kaiser g832 redragon,0,9,0%,8.78
qcy,0,9,0%,9
e1404ga-nk027w,0,9,0%,9.22
auricular jbl rosa,0,9,0%,9.44
cc-9011326-ww,0,9,0%,9.44
ds-2fa1205-c8,0,9,0%,9.44
readseta satellite no paraguai,0,9,0%,9.44
darkflash dk431,0,9,0%,9.78
ds-2ce12df3t-pirxos,0,9,0%,9.78
auricular qcy,0,9,0%,10.22
jbl live buds 4,0,9,0%,10.22
43ut7300psa,0,9,0%,10.33
tv quanta 55 pulgadas,0,9,0%,10.56
dell ldc16251-7247slv-pus,0,9,0%,10.78
steam deck paraguay,0,9,0%,10.78
i5 4590,0,9,0%,10.89
l3350,0,9,0%,11.11
notebook ftx n14,0,9,0%,14.89
rtx 5080 paraguay,0,9,0%,24.67
samsung paraguay,0,9,0%,26.89
joy 69,0,9,0%,72.67
ai90398,0,8,0%,3
ai61160,0,8,0%,3.12
ai99304,0,8,0%,3.75
ai22060,0,8,0%,4
hdwg740xzstc,0,8,0%,4.12
ai92716,0,8,0%,4.38
steam machine precio paraguay,0,8,0%,5.25
ai59146,0,8,0%,5.88
blackshark v2 pro,0,8,0%,6
"""912-v531-045""",0,8,0%,6.12
ai26145,0,8,0%,6.38
ai70681,0,8,0%,6.38
jvc lt-50km758,0,8,0%,6.75
redragon darkflame,0,8,0%,6.75
ai52014,0,8,0%,7
ai92714,0,8,0%,7
tencent58617,0,8,0%,7
14-dq6104dx,0,8,0%,7.12
ai26142,0,8,0%,7.25
cmsx8gx5m1a4800c40,0,8,0%,7.38
mg7m4ll/a,0,8,0%,7.5
st8000ve001,0,8,0%,7.62
tencent61600,0,8,0%,7.62
adaptador ps2 a usb,0,8,0%,7.75
ai52514,0,8,0%,7.75
ai61144,0,8,0%,7.88
gamdias aura gc11,0,8,0%,7.88
asus tuf a16 fa607nuq-ws73,0,8,0%,8
tencent74391,0,8,0%,8
celular hotwav x100 gt,0,8,0%,8.12
tencent49768,0,8,0%,8.12
l85mc-sph,0,8,0%,8.38
lenovo 83rr0000us,0,8,0%,8.38
realme rmx5377,0,8,0%,8.38
um3406ga-qd028w,0,8,0%,8.38
ai32816,0,8,0%,8.5
ds-2cd1043g2-liu,0,8,0%,8.62
ai93914,0,8,0%,8.75
cmh96gx5m2b7200c40,0,8,0%,8.75
"notebook acer nitro v 16 anv16-72-933f intel core 9 2.7ghz / memória 32gb / 
ssd 1tb / 16"" / windows 11 / rtx 5070 8gb",0,8,0%,8.75
ai67000,0,8,0%,8.88
ds-3e1105p-ei/m,0,8,0%,9
gigabyte gs27fa,0,8,0%,9.12
notebook ryzen 5 16gb 512gb paraguay precio 2026,0,8,0%,9.12
cmh16gx5m1d6000z38,0,8,0%,9.25
tencent78017,0,8,0%,9.25
i3-7100,0,8,0%,9.38
laptop hp 14-dq6105dx,0,8,0%,9.38
16-ap1003dx,0,8,0%,9.5
blackview zeno 10 5g,0,8,0%,9.5
xd013,0,8,0%,9.75
ds-pwa64-kit-wb,0,8,0%,9.88
ep 2225,0,8,0%,9.88
alienware lda15265-7348blk-pus,0,8,0%,10.25
gamdias atlas m4,0,8,0%,10.5
i7 4790,0,8,0%,12.38
d10e8ua,0,8,0%,12.75
jbl go essential 2,0,8,0%,13.25
macbook neo paraguay,0,8,0%,14.25
ldc15255-a117blk-pus,0,8,0%,15.25
82xq012gus,0,8,0%,15.75
notebooks gamer paraguay,0,8,0%,34.38
notebooks baratas paraguay,0,8,0%,40.12
monitor led,0,8,0%,44.5
poco x7 pro,0,8,0%,49.12
antena digital,0,8,0%,60.25
impresora,0,8,0%,65
product,0,7,0%,1
ai61611,0,7,0%,2.71
ai68407,0,7,0%,2.71
biostar z690mx2-e d4,0,7,0%,4
ai16752,0,7,0%,4.14
ai11916,0,7,0%,4.29
ai32196,0,7,0%,4.43
caterpillar b68,0,7,0%,4.43
ai71632,0,7,0%,4.57
ai83135,0,7,0%,4.57
ai52125,0,7,0%,5.14
reloj de mesa,0,7,0%,5.14
ai26143,0,7,0%,5.29
ds-2cd1327g2h-liu,0,7,0%,5.71
gamdias aura gc10m v2,0,7,0%,5.71
mvx32n16/8,0,7,0%,5.86
ai81884,0,7,0%,6
tencent43600,0,7,0%,6
ai59142,0,7,0%,6.29
ds-3e0105d-o,0,7,0%,6.43
ai32004,0,7,0%,6.57
mfyn4be/a,0,7,0%,6.57
epson l1350,0,7,0%,6.71
ai14952,0,7,0%,6.86
l55mc-sph,0,7,0%,6.86
mochila redragon,0,7,0%,6.86
tablet cidea cm817,0,7,0%,6.86
cargador 100w xiaomi,0,7,0%,7.14
redragon themis 2,0,7,0%,7.14
teclado mecanico aula f75,0,7,0%,7.14
ai16255,0,7,0%,7.29
ai32160,0,7,0%,7.29
duosat vortex,0,7,0%,7.29
hp laptop 14-dq6104dx,0,7,0%,7.29
ai59144,0,7,0%,7.43
proyector blulory t7,0,7,0%,7.43
ai27142,0,7,0%,7.57
ajazz ak650,0,7,0%,7.57
ai62714,0,7,0%,7.71
ds-2ce78k0t-lpts,0,7,0%,7.86
gabinete darkflash dk431,0,7,0%,7.86
ai52914,0,7,0%,8
blackview zeno 10,0,7,0%,8
ls24f320ga,0,7,0%,8
redragon penumbra pro,0,7,0%,8
vcg50508dfxpb1,0,7,0%,8
ai32914,0,7,0%,8.14
ls32fg502enxza,0,7,0%,8.14
m2425w1,0,7,0%,8.14
sdsqxgn-064g-gn6mn,0,7,0%,8.14
onikuma gt 805,0,7,0%,8.29
redragon wargrip,0,7,0%,8.29
ai64005,0,7,0%,8.43
msi mag 274f,0,7,0%,8.43
tablet mox mo tp732,0,7,0%,8.57
ai40709,0,7,0%,8.71
ds-2cd1027g2-luf,0,7,0%,8.71
kindle scribe paraguay,0,7,0%,8.71
mxq pro go 5g,0,7,0%,8.71
asus zenbook s16,0,7,0%,8.86
ai83423,0,7,0%,9
ax5u5600c4616g-sambk,0,7,0%,9
gabinete darkflash a290,0,7,0%,9
a3449 macbook,0,7,0%,9.14
ai56002,0,7,0%,9.14
ai83421,0,7,0%,9.14
ds-3e1526p-ei,0,7,0%,9.14
gamdias gc11,0,7,0%,9.14
ssd externo 1tb,0,7,0%,9.14
ai23428,0,7,0%,9.29
i3 4170,0,7,0%,9.43
sdssda3n-1t00-g26,0,7,0%,9.43
onikuma mt902,0,7,0%,9.57
redragon gs816,0,7,0%,9.57
thermalright tf7,0,7,0%,9.71
filamento dorado,0,7,0%,10
triciclo hye,0,7,0%,10.14
adaptador hdmi doble,0,7,0%,10.29
macbook a3448,0,7,0%,10.43
ds-3wr12c,0,7,0%,10.57
celular blackview fort 1,0,7,0%,11
hdwg51cxzstb,0,7,0%,11.14
focus pen,0,7,0%,11.57
sfg16-a71t-r5uy,0,7,0%,14.86
mdy-19-er,0,7,0%,21.71
laptops paraguay,0,7,0%,38.14
apple,0,7,0%,38.29
epson lx 350,0,7,0%,47.43
impresoras,0,7,0%,67.29
tablets,0,7,0%,78
reloj haylou solar neo,0,6,0%,1
extension usb,0,6,0%,2
ai84802,0,6,0%,3.83
st32000nm004k,0,6,0%,4.17
"""912-v531-202"" msi",0,6,0%,4.33
ai39528,0,6,0%,4.33
10500,0,6,0%,4.5
cl-w472-pl12sw-a,0,6,0%,4.5
lac16250-7193blu-pus,0,6,0%,4.5
bhr08gmgl,0,6,0%,4.83
cat b68,0,6,0%,5
tv stick blulory,0,6,0%,5.33
arrows tab q5010,0,6,0%,5.5
anv15-52-70sq,0,6,0%,5.67
cw-9061016-ww,0,6,0%,5.67
jbl partybox 130 blanco,0,6,0%,5.67
asrock h610m-hdv/m.2 r2.0,0,6,0%,5.83
lt-50km758 jvc,0,6,0%,6
mg6c4j/a,0,6,0%,6
ai68401,0,6,0%,6.17
ds-2cd2063g2-i,0,6,0%,6.17
ai88616,0,6,0%,6.33
asrock b550 rock,0,6,0%,6.33
ai77009,0,6,0%,6.67
ai87681,0,6,0%,6.67
asrock b550 rock wi-fi,0,6,0%,6.67
16-by0205dx,0,6,0%,6.83
ai76412,0,6,0%,6.83
sf16-71t,0,6,0%,6.83
"""ldb16250-9052blu-pus"" price",0,6,0%,7
cidea cm517,0,6,0%,7
tencent38732,0,6,0%,7
"tv mtek qled mkq55fsgu ultra hd 55"" 4k",0,6,0%,7
ai40922,0,6,0%,7.17
ai71145,0,6,0%,7.17
havit m9052,0,6,0%,7.17
mdy-20-eb,0,6,0%,7.17
teclado onikuma mt706,0,6,0%,7.17
cable vga 3 metros,0,6,0%,7.33
mvx32n16/16,0,6,0%,7.33
corsair hs55 surround v2,0,6,0%,7.5
ai10632,0,6,0%,7.67
blulory milan pro,0,6,0%,7.67
qn50q7faag,0,6,0%,7.67
realme watch s5,0,6,0%,7.67
redragon azure,0,6,0%,7.67
ryzen 5 5600x,0,6,0%,7.67
34g600a-b,0,6,0%,7.83
ai14114,0,6,0%,7.83
ai52413,0,6,0%,7.83
ds-pm1-i802-h,0,6,0%,7.83
ai35716,0,6,0%,8
mouse ajazz aj199,0,6,0%,8
ai11914,0,6,0%,8.17
ai57041,0,6,0%,8.17
amazfit a2568,0,6,0%,8.17
gabinete satellite k900,0,6,0%,8.17
i3 8100t,0,6,0%,8.17
ai30510,0,6,0%,8.33
disco duro purple 1tb,0,6,0%,8.33
ds-2cd1023g2-iuf,0,6,0%,8.33
gamdias aura gc9m elite,0,6,0%,8.33
tablet philips t7310,0,6,0%,8.33
tencent16242,0,6,0%,8.33
bhr08gjgl,0,6,0%,8.5
bhr9653us,0,6,0%,8.5
intel core i7 3770,0,6,0%,8.5
onikuma gt808,0,6,0%,8.5
redragon pollux pro,0,6,0%,8.5
samsung 990 pro 2tb,0,6,0%,8.5
ai10500,0,6,0%,8.83
thermalright peerless assassin 140,0,6,0%,8.83
ai39521,0,6,0%,9
fa808um-is74,0,6,0%,9
i3 3240,0,6,0%,9