Fecha,Clics,Impresiones,CTR,Posición
2026-08-06,18,1029,1.75%,8.9
2026-08-07,23,1051,2.19%,8.2
2026-08-08,22,925,2.38%,9.4
2026-08-09,17,795,2.14%,9.3
2026-08-10,33,1714,1.93%,8.4
2026-08-11,27,1497,1.8%,8.5
2026-08-12,29,1533,1.89%,9
2026-08-13,36,1633,2.2%,9.6
2026-08-14,35,1303,2.69%,8.1
2026-08-15,14,897,1.56%,9.8
2026-08-16,20,736,2.72%,10.5
2026-08-17,36,1580,2.28%,8.3
2026-08-18,32,1559,2.05%,8.1
2026-08-19,28,1470,1.9%,8.8
2026-08-20,55,1481,3.71%,8.5
2026-08-21,43,1373,3.13%,8.4
2026-08-22,23,956,2.41%,8.8
2026-08-23,18,677,2.66%,10.3
2026-08-24,43,1557,2.76%,8.2
2026-08-25,48,1538,3.12%,7.9
2026-08-26,43,1556,2.76%,8.4
2026-08-27,42,1572,2.67%,8.2
2026-08-28,34,1554,2.19%,8.4
2026-08-29,33,1181,2.79%,9.4
2026-08-30,31,913,3.4%,9.7
2026-08-31,70,1896,3.69%,8.3
2026-09-01,78,1942,4.02%,8
2026-09-02,62,2136,2.9%,7.6
2026-09-03,57,2008,2.84%,7.5
2026-09-04,57,1872,3.04%,7.8
2026-09-05,38,1518,2.5%,8.1
2026-09-06,35,1085,3.23%,8.5
2026-09-07,78,2195,3.55%,7.7
2026-09-08,79,2102,3.76%,7.5
2026-09-09,68,2349,2.89%,7.1
2026-09-10,58,1991,2.91%,7.5
2026-09-11,56,1979,2.83%,7.3
2026-09-12,48,1639,2.93%,7.4
2026-09-13,34,1106,3.07%,8.8
2026-09-14,75,2182,3.44%,7.1
2026-09-15,75,2196,3.42%,7.5
2026-09-16,71,2183,3.25%,7.1
2026-09-17,69,2219,3.11%,7.1
2026-09-18,70,1724,4.06%,7
2026-09-19,43,1438,2.99%,7.2
2026-09-20,39,1205,3.24%,7.9
2026-09-21,50,2071,2.41%,7
2026-09-22,62,2228,2.78%,7.1
2026-09-23,75,2096,3.58%,7.2
2026-09-24,40,1805,2.22%,7.3
2026-09-25,40,1467,2.73%,7.6
2026-09-26,22,1049,2.1%,7.4
2026-09-27,29,827,3.51%,9.5