País,Clics,Impresiones,CTR,Posición
Paraguay,2019,65460,3.08%,7.55
Argentina,128,2911,4.4%,7.99
Brasil,28,1512,1.85%,9.46
Venezuela,24,996,2.41%,7.38
España,20,638,3.13%,9.9
Perú,15,931,1.61%,9.74
Bolivia,15,667,2.25%,7.1
México,14,720,1.94%,12.24
Uruguay,11,286,3.85%,7.05
El Salvador,11,245,4.49%,7.08
Estados Unidos,9,3155,0.29%,7.61
Nicaragua,8,138,5.8%,6.72
Guatemala,7,362,1.93%,7.57
Costa Rica,6,378,1.59%,7.56
Colombia,5,606,0.83%,7.68
Ecuador,5,549,0.91%,7.15
La India,4,185,2.16%,27.09
Vietnam,4,145,2.76%,33.54
Chile,3,273,1.1%,9.14
Honduras,3,101,2.97%,7.42
Panamá,2,143,1.4%,8.87
Malasia,2,30,6.67%,29.7
China,2,21,9.52%,27.38
Ghana,2,9,22.22%,10.67
Emiratos Árabes Unidos,1,179,0.56%,7.03
República Dominicana,1,149,0.67%,7.97
Reino Unido,1,131,0.76%,10.79
Alemania,1,73,1.37%,11.38
Cuba,1,71,1.41%,7.1
Líbano,1,25,4%,9
Hong Kong,1,23,4.35%,15.48
Nigeria,1,16,6.25%,6.12
Jamaica,1,14,7.14%,6.93
Trinidad y Tobago,1,14,7.14%,7.43
Bielorrusia,1,12,8.33%,9.83
Kazajistán,1,9,11.11%,8
Malí,1,8,12.5%,7.88
Libia,1,5,20%,8
Filipinas,0,101,0%,36.2
Indonesia,0,94,0%,28.63
Japón,0,78,0%,11.27
Canadá,0,60,0%,8.72
Tailandia,0,60,0%,32.88
Ucrania,0,59,0%,22.95
Rusia,0,57,0%,17.04
Países Bajos,0,52,0%,6.79
Francia,0,52,0%,22.67
Bangladés,0,51,0%,26.27
Turquía,0,49,0%,34.53
Corea del Sur,0,43,0%,10.14
Italia,0,38,0%,12.21
Pakistán,0,35,0%,14.31
Jordania,0,29,0%,42.48
Polonia,0,22,0%,7.73
Marruecos,0,21,0%,32.29
Egipto,0,19,0%,23.26
Argelia,0,19,0%,36.74
Bélgica,0,18,0%,19.56
Irán,0,17,0%,7.65
Australia,0,17,0%,9.94
Israel,0,17,0%,12.41
Taiwán,0,17,0%,13.35
Puerto Rico,0,16,0%,9.06
Portugal,0,16,0%,9.5
Arabia Saudí,0,16,0%,21.81
Iraq,0,13,0%,9.92
Bulgaria,0,13,0%,11
Lituania,0,11,0%,7.73
Túnez,0,10,0%,9.6
Nepal,0,10,0%,9.9
Suiza,0,10,0%,11.4
Aruba,0,9,0%,6
Kenia,0,9,0%,8.89
Nueva Zelanda,0,8,0%,13
Armenia,0,7,0%,5.43
Singapur,0,7,0%,6.71
Uzbekistán,0,7,0%,10.71
Rumanía,0,7,0%,10.86
Laos,0,6,0%,3.67
Irlanda,0,6,0%,6.83
Guinea,0,6,0%,7.17
Noruega,0,6,0%,10.17
Omán,0,6,0%,12.83
Chequia,0,6,0%,13
Sudáfrica,0,6,0%,15
Curazao,0,5,0%,6
Camerún,0,5,0%,6.2
Suecia,0,5,0%,6.2
Benín,0,5,0%,7.6
Afganistán,0,5,0%,7.8
Azerbaiyán,0,5,0%,8.8
Dinamarca,0,5,0%,13
Belice,0,4,0%,4
Sri Lanka,0,4,0%,4.5
República Democrática del Congo,0,4,0%,5
Siria,0,4,0%,5
Guyana,0,4,0%,5.25
Grecia,0,4,0%,8
Maldivas,0,4,0%,9.75
Barbados,0,4,0%,10.75
Camboya,0,3,0%,2
Serbia,0,3,0%,3.67
Mauricio,0,3,0%,4
Kuwait,0,3,0%,4.33
Myanmar (Birmania),0,3,0%,5.67
Surinam,0,3,0%,5.67
Uganda,0,3,0%,5.67
Ruanda,0,3,0%,6.67
Eslovaquia,0,3,0%,6.67
Mongolia,0,3,0%,7
Costa de Marfil,0,3,0%,7.67
Georgia,0,3,0%,8
Qatar,0,3,0%,15.33
Macao,0,3,0%,15.67
Mozambique,0,3,0%,20
Hungría,0,3,0%,20.33
Senegal,0,3,0%,30.67
Albania,0,2,0%,4.5
Madagascar,0,2,0%,5
Chipre,0,2,0%,6
Palestina,0,2,0%,7
Guayana Francesa,0,2,0%,7.5
Sudán,0,2,0%,8
Tayikistán,0,2,0%,8
Austria,0,2,0%,8.5
Estonia,0,2,0%,8.5
Angola,0,2,0%,9
Kirguistán,0,2,0%,9
Moldavia,0,2,0%,9
Finlandia,0,2,0%,10.5
Bahréin,0,2,0%,12
Andorra,0,1,0%,4
Burkina Faso,0,1,0%,4
Islandia,0,1,0%,4
Tanzania,0,1,0%,5
Islas Vírgenes de los Estados Unidos,0,1,0%,6
Fiyi,0,1,0%,8
Macedonia del Norte,0,1,0%,9
Islas Caimán,0,1,0%,10
Somalia,0,1,0%,10
Yemen,0,1,0%,10
Guam,0,1,0%,17
Bermuda,0,1,0%,18
Kosovo,0,1,0%,18
Brunéi,0,1,0%,27
Eslovenia,0,1,0%,34
Sahara Occidental,0,1,0%,89